-- MySQL dump 10.13  Distrib 8.0.27, for macos11.6 (x86_64)
--
-- Host: localhost    Database: Covid_insurance
-- ------------------------------------------------------
-- Server version	8.0.30

/*!40101 SET @OLD_CHARACTER_SET_CLIENT=@@CHARACTER_SET_CLIENT */;
/*!40101 SET @OLD_CHARACTER_SET_RESULTS=@@CHARACTER_SET_RESULTS */;
/*!40101 SET @OLD_COLLATION_CONNECTION=@@COLLATION_CONNECTION */;
/*!50503 SET NAMES utf8mb4 */;
/*!40103 SET @OLD_TIME_ZONE=@@TIME_ZONE */;
/*!40103 SET TIME_ZONE='+00:00' */;
/*!40014 SET @OLD_UNIQUE_CHECKS=@@UNIQUE_CHECKS, UNIQUE_CHECKS=0 */;
/*!40014 SET @OLD_FOREIGN_KEY_CHECKS=@@FOREIGN_KEY_CHECKS, FOREIGN_KEY_CHECKS=0 */;
/*!40101 SET @OLD_SQL_MODE=@@SQL_MODE, SQL_MODE='NO_AUTO_VALUE_ON_ZERO' */;
/*!40111 SET @OLD_SQL_NOTES=@@SQL_NOTES, SQL_NOTES=0 */;

--
-- Table structure for table `Claim`
--

DROP TABLE IF EXISTS `Claim`;
/*!40101 SET @saved_cs_client     = @@character_set_client */;
/*!50503 SET character_set_client = utf8mb4 */;
CREATE TABLE `Claim` (
  `ClaimNumber` varchar(255) NOT NULL,
  `CustSSN` varchar(255) DEFAULT NULL,
  `ClaimAmount` int DEFAULT NULL,
  `ProductPlanid` varchar(255) DEFAULT NULL,
  `SettlementDueDate` date DEFAULT NULL,
  `DateReceived` date DEFAULT NULL,
  `ProcessedDate` date DEFAULT NULL,
  `Verified` tinyint(1) DEFAULT NULL,
  PRIMARY KEY (`ClaimNumber`),
  KEY `CustSSN` (`CustSSN`),
  KEY `ProductPlanid` (`ProductPlanid`),
  CONSTRAINT `claim_ibfk_1` FOREIGN KEY (`CustSSN`) REFERENCES `Customer` (`CustSSN`),
  CONSTRAINT `claim_ibfk_2` FOREIGN KEY (`ProductPlanid`) REFERENCES `ProductPlan` (`ProductPlanId`),
  CONSTRAINT `claim_ibfk_3` FOREIGN KEY (`CustSSN`) REFERENCES `Customer` (`CustSSN`),
  CONSTRAINT `claim_ibfk_4` FOREIGN KEY (`ProductPlanid`) REFERENCES `ProductPlan` (`ProductPlanId`),
  CONSTRAINT `claim_ibfk_5` FOREIGN KEY (`CustSSN`) REFERENCES `Customer` (`CustSSN`),
  CONSTRAINT `claim_ibfk_6` FOREIGN KEY (`ProductPlanid`) REFERENCES `ProductPlan` (`ProductPlanId`)
) ENGINE=InnoDB DEFAULT CHARSET=utf8mb4 COLLATE=utf8mb4_0900_ai_ci;
/*!40101 SET character_set_client = @saved_cs_client */;

--
-- Dumping data for table `Claim`
--

LOCK TABLES `Claim` WRITE;
/*!40000 ALTER TABLE `Claim` DISABLE KEYS */;
/*!40000 ALTER TABLE `Claim` ENABLE KEYS */;
UNLOCK TABLES;

--
-- Table structure for table `Customer`
--

DROP TABLE IF EXISTS `Customer`;
/*!40101 SET @saved_cs_client     = @@character_set_client */;
/*!50503 SET character_set_client = utf8mb4 */;
CREATE TABLE `Customer` (
  `CustSSN` varchar(255) NOT NULL,
  `CustLastName` varchar(255) DEFAULT NULL,
  `CustFirstName` varchar(255) DEFAULT NULL,
  `CustMiddleInitial` varchar(255) DEFAULT NULL,
  `CustDOB` date DEFAULT NULL,
  `CustEmail` varchar(255) DEFAULT NULL,
  `GroupAccountId` varchar(255) DEFAULT NULL,
  `CustAddress1` varchar(255) DEFAULT NULL,
  `CustAddress2` varchar(255) DEFAULT NULL,
  `CustCity` varchar(255) DEFAULT NULL,
  `CustState` varchar(255) DEFAULT NULL,
  `CustZip` int DEFAULT NULL,
  PRIMARY KEY (`CustSSN`),
  KEY `GroupAccountId` (`GroupAccountId`),
  CONSTRAINT `customer_ibfk_1` FOREIGN KEY (`GroupAccountId`) REFERENCES `IndividualOrGroupAccount` (`AccountId`),
  CONSTRAINT `customer_ibfk_2` FOREIGN KEY (`GroupAccountId`) REFERENCES `IndividualOrGroupAccount` (`AccountId`),
  CONSTRAINT `customer_ibfk_3` FOREIGN KEY (`GroupAccountId`) REFERENCES `IndividualOrGroupAccount` (`AccountId`)
) ENGINE=InnoDB DEFAULT CHARSET=utf8mb4 COLLATE=utf8mb4_0900_ai_ci;
/*!40101 SET character_set_client = @saved_cs_client */;

--
-- Dumping data for table `Customer`
--

LOCK TABLES `Customer` WRITE;
/*!40000 ALTER TABLE `Customer` DISABLE KEYS */;
/*!40000 ALTER TABLE `Customer` ENABLE KEYS */;
UNLOCK TABLES;

--
-- Table structure for table `IndividualOrGroupAccount`
--

DROP TABLE IF EXISTS `IndividualOrGroupAccount`;
/*!40101 SET @saved_cs_client     = @@character_set_client */;
/*!50503 SET character_set_client = utf8mb4 */;
CREATE TABLE `IndividualOrGroupAccount` (
  `AccountId` varchar(255) NOT NULL,
  `GroupAddress1` varchar(255) DEFAULT NULL,
  `GroupAddress2` varchar(255) DEFAULT NULL,
  `GroupCity` varchar(255) DEFAULT NULL,
  `ProductPlanId` varchar(255) DEFAULT NULL,
  `GroupState` varchar(255) DEFAULT NULL,
  `GroupZip` varchar(255) DEFAULT NULL,
  `NumberOfMembers` int DEFAULT NULL,
  `ActualPremiumPerPerson` int DEFAULT NULL,
  `PlanStartDate` date DEFAULT NULL,
  `PlanEndDate` date DEFAULT NULL,
  PRIMARY KEY (`AccountId`),
  KEY `ProductPlanId` (`ProductPlanId`,`GroupState`),
  CONSTRAINT `individualorgroupaccount_ibfk_1` FOREIGN KEY (`ProductPlanId`, `GroupState`) REFERENCES `ProductPlan` (`ProductPlanId`, `StateName`),
  CONSTRAINT `individualorgroupaccount_ibfk_2` FOREIGN KEY (`ProductPlanId`, `GroupState`) REFERENCES `ProductPlan` (`ProductPlanId`, `StateName`),
  CONSTRAINT `individualorgroupaccount_ibfk_3` FOREIGN KEY (`ProductPlanId`, `GroupState`) REFERENCES `ProductPlan` (`ProductPlanId`, `StateName`)
) ENGINE=InnoDB DEFAULT CHARSET=utf8mb4 COLLATE=utf8mb4_0900_ai_ci;
/*!40101 SET character_set_client = @saved_cs_client */;

--
-- Dumping data for table `IndividualOrGroupAccount`
--

LOCK TABLES `IndividualOrGroupAccount` WRITE;
/*!40000 ALTER TABLE `IndividualOrGroupAccount` DISABLE KEYS */;
INSERT INTO `IndividualOrGroupAccount` VALUES ('1','63832 Macpherson Alley','75 Hollow Ridge Drive','San Diego','2','California','15434',22909,259,'2022-04-21','2022-02-22'),('10','7560 Glacier Hill Pass','22 Sherman Avenue','Fresno','1','California','15955',14814,104,'2021-12-07','2022-08-13'),('100','34522 Nancy Plaza','89 Granby Trail','Jamaica','1','New York','15607',68036,117,'2022-04-23','2021-10-27'),('1000','683 Center Trail','23613 Pawling Place','Charlottesville','1','Virginia','18810',20562,92,'2022-02-22','2021-10-17'),('101','117 Dunning Terrace','98660 Oneill Alley','Charleston','3','South Carolina','18459',67906,583,'2021-10-29','2021-08-22'),('102','44081 Browning Circle','79395 Coolidge Park','Indianapolis','3','Indiana','18816',22456,483,'2022-05-17','2022-05-31'),('103','1 Clarendon Crossing','492 Helena Junction','El Paso','1','Texas','17829',88198,91,'2022-06-20','2022-06-09'),('104','69195 New Castle Hill','60820 Loomis Plaza','Brooklyn','3','New York','18461',45358,586,'2021-09-29','2021-09-15'),('105','4 Grim Park','38 Oak Valley Trail','South Bend','2','Indiana','15093',3745,246,'2022-04-27','2022-06-19'),('106','140 Texas Parkway','3286 Sutteridge Junction','Minneapolis','3','Minnesota','16297',38843,539,'2022-03-14','2022-03-25'),('107','2340 Brown Circle','35275 Esch Pass','Richmond','1','Virginia','16079',70951,92,'2022-04-20','2022-01-27'),('108','81 Valley Edge Avenue','7 Clarendon Center','Warren','3','Ohio','19542',40372,488,'2021-09-05','2022-03-06'),('109','66 Fuller Park','693 Huxley Junction','Fort Myers','2','Florida','17497',21460,284,'2021-08-30','2022-05-25'),('11','9 Novick Court','6 Hovde Way','Lake Worth','2','Florida','14927',14528,284,'2021-12-07','2021-11-02'),('110','7547 Lillian Plaza','2 Jackson Center','Roanoke','2','Virginia','13419',8243,235,'2021-09-13','2022-05-17'),('111','52 Forest Point','274 Fisk Alley','Bakersfield','3','California','11409',44198,519,'2022-04-02','2022-04-09'),('112','821 Autumn Leaf Way','1060 Springs Road','New Orleans','2','Louisiana','16865',82332,254,'2021-12-10','2022-04-28'),('113','63311 Red Cloud Road','5 Lindbergh Drive','Edmond','2','Oklahoma','18234',11047,246,'2022-06-03','2022-01-07'),('114','34 Oak Valley Trail','7048 Maryland Terrace','Columbia','1','Missouri','19805',26383,86,'2022-04-24','2022-01-28'),('115','9 Larry Hill','70368 Arapahoe Point','Green Bay','1','Wisconsin','16427',80506,116,'2022-01-20','2022-01-11'),('116','4663 Anzinger Pass','77 Colorado Terrace','Oklahoma City','2','Oklahoma','11254',22437,246,'2022-08-14','2022-01-16'),('117','740 Wayridge Point','3 Lawn Point','San Jose','3','California','17000',78146,519,'2021-12-20','2021-12-04'),('118','101 Alpine Trail','4861 Eastwood Hill','New Orleans','1','Louisiana','15895',80237,101,'2021-09-12','2022-06-02'),('119','9385 Kipling Court','65 Fair Oaks Street','Kansas City','3','Missouri','11513',40579,431,'2022-08-15','2021-10-07'),('12','013 Crownhardt Street','64 Dwight Terrace','Winston Salem','2','North Carolina','12619',72548,285,'2022-04-06','2022-05-13'),('120','14718 Gulseth Parkway','2896 Armistice Crossing','Topeka','1','Kansas','18125',70299,106,'2021-10-13','2022-01-12'),('121','249 Tennessee Alley','4 Superior Pass','Washington','1','District of Columbia','19390',4619,100,'2021-12-29','2021-08-22'),('122','07 Ryan Hill','888 Vernon Alley','Phoenix','3','Arizona','17222',62860,533,'2022-05-31','2022-06-05'),('123','8049 Heath Junction','3 Leroy Way','Montgomery','3','Alabama','17061',96171,512,'2021-09-21','2022-02-25'),('124','3 Pleasure Drive','2 Lindbergh Terrace','Dayton','2','Ohio','10811',12331,244,'2022-04-10','2022-02-25'),('125','94739 Main Terrace','7 Haas Court','Montpelier','3','Vermont','19165',62394,554,'2021-09-25','2022-08-16'),('126','25116 Twin Pines Place','51397 Doe Crossing Park','San Jose','1','California','13342',44471,104,'2022-01-14','2021-08-31'),('127','87 Alpine Plaza','54227 Barnett Parkway','San Diego','3','California','11171',14579,519,'2022-02-01','2022-01-02'),('128','94769 Dayton Parkway','1099 Cardinal Park','Phoenix','3','Arizona','14253',30580,533,'2022-03-15','2021-09-15'),('129','378 Del Sol Point','7875 Bluejay Drive','Houston','1','Texas','14941',35275,91,'2022-01-26','2022-01-19'),('13','5 La Follette Court','6 Ohio Place','Greenville','3','South Carolina','14275',92768,583,'2022-03-28','2021-12-07'),('130','01931 Monterey Parkway','5 Ronald Regan Avenue','Oklahoma City','3','Oklahoma','13153',20402,492,'2022-08-02','2022-03-15'),('131','1802 Derek Road','66743 Crownhardt Junction','Seattle','2','Washington','17734',65441,251,'2022-08-07','2022-05-04'),('132','86480 Westridge Street','3651 6th Parkway','San Antonio','3','Texas','17401',79025,458,'2022-05-04','2022-03-27'),('133','1 Clarendon Road','6754 Paget Alley','Des Moines','3','Iowa','17393',33746,428,'2022-05-02','2021-12-30'),('134','61846 Morrow Center','18951 Oriole Point','Dallas','2','Texas','19985',98345,229,'2021-11-29','2022-05-23'),('135','1 Aberg Drive','36154 Declaration Terrace','Boston','2','Massachusetts','15005',68881,280,'2022-05-10','2021-12-27'),('136','1 Larry Point','65 Lunder Drive','Washington','1','District of Columbia','12033',71928,98,'2021-10-21','2021-10-07'),('137','6 Pennsylvania Parkway','5253 Sunbrook Hill','Albany','3','New York','19022',90217,586,'2021-09-23','2022-07-04'),('138','933 Esker Trail','602 4th Place','Fresno','3','California','19025',88959,519,'2021-09-28','2022-04-01'),('139','4686 Leroy Circle','83 Merry Pass','Salt Lake City','1','Utah','12444',95321,110,'2022-02-09','2021-11-03'),('14','111 Hallows Pass','927 Jay Alley','Columbia','3','Missouri','15082',56316,431,'2021-08-30','2021-10-27'),('140','1198 Glendale Park','095 Main Crossing','Apache Junction','3','Arizona','10985',24824,533,'2021-10-17','2022-07-23'),('141','9902 Kim Court','782 Kinsman Way','Arlington','1','Texas','14030',96332,91,'2022-05-19','2022-06-17'),('142','687 Granby Point','9351 Rowland Circle','Naples','3','Florida','18983',12685,568,'2022-07-26','2021-11-08'),('143','2617 Ruskin Pass','4053 Rigney Plaza','Kansas City','3','Missouri','14973',65089,431,'2022-04-08','2021-12-13'),('144','30536 Evergreen Street','99807 Onsgard Hill','Louisville','2','Kentucky','14943',97293,339,'2022-07-04','2021-08-23'),('145','3 North Drive','80 Oneill Crossing','Shreveport','2','Louisiana','15715',28187,254,'2021-11-21','2022-01-04'),('146','3 Browning Crossing','3468 Hanover Street','Long Beach','2','California','14144',97538,259,'2022-04-06','2022-06-20'),('147','87 Morrow Road','22709 Union Plaza','Kansas City','3','Missouri','15938',80239,431,'2022-06-02','2021-12-14'),('148','346 Clarendon Place','5 1st Point','Seattle','2','Washington','11632',11920,251,'2022-08-05','2022-08-11'),('149','666 Sutteridge Trail','096 Dakota Point','Columbia','2','South Carolina','12286',64046,291,'2021-09-03','2021-11-15'),('15','71 Wayridge Parkway','576 4th Hill','Myrtle Beach','1','South Carolina','16372',51960,116,'2022-07-08','2022-07-15'),('150','39 Troy Drive','23 Bobwhite Drive','Rochester','3','New York','18389',12253,586,'2022-04-28','2021-12-04'),('151','249 Oakridge Drive','2010 Haas Plaza','Naples','1','Florida','12912',40077,113,'2022-03-05','2021-11-05'),('152','56841 Hagan Junction','3 Eastlawn Road','Dayton','1','Ohio','19720',68993,98,'2022-06-01','2021-10-18'),('153','1768 Tennessee Way','9405 Park Meadow Plaza','Tucson','1','Arizona','15675',46984,107,'2022-05-07','2021-11-29'),('154','03 Thompson Lane','9196 Haas Center','Washington','3','District of Columbia','15995',40729,486,'2021-10-01','2022-02-21'),('155','3 Esch Center','3 Oakridge Place','Trenton','1','New Jersey','15916',14955,110,'2022-07-08','2022-01-30'),('156','308 Monterey Drive','4351 Anniversary Park','Long Beach','1','California','12398',48917,104,'2022-06-05','2021-11-11'),('157','26558 Comanche Circle','9473 High Crossing Street','Fargo','1','North Dakota','19735',8924,122,'2022-07-21','2021-09-01'),('158','9559 Roth Point','91202 Farmco Road','Spokane','1','Washington','15458',83997,100,'2022-08-16','2021-09-13'),('159','21 Atwood Terrace','89 North Trail','Fresno','3','California','17731',86287,519,'2021-09-30','2022-05-19'),('16','08697 Anhalt Center','18318 Scott Road','Boise','2','Idaho','14234',17806,235,'2022-05-20','2022-08-11'),('160','68874 Southridge Point','7648 Hoard Center','Boston','3','Massachusetts','11082',32587,559,'2021-10-09','2022-08-18'),('161','36041 Chive Trail','90 Shelley Avenue','Salt Lake City','2','Utah','14254',16590,275,'2021-08-20','2022-05-14'),('162','2187 Hansons Place','9545 Morrow Avenue','Phoenix','2','Arizona','16634',81102,267,'2021-09-22','2022-02-19'),('163','9787 Ludington Street','34552 Jay Alley','Milwaukee','1','Wisconsin','11202',19038,116,'2022-05-30','2021-11-24'),('164','1659 Donald Place','5 New Castle Terrace','Austin','1','Texas','15455',83504,91,'2022-02-12','2022-04-23'),('165','6129 Superior Junction','9655 Dapin Trail','Dallas','3','Texas','13905',81150,458,'2021-09-22','2021-12-03'),('166','6557 Wayridge Way','775 Del Mar Drive','San Antonio','1','Texas','18121',17437,91,'2022-01-03','2021-12-30'),('167','454 Warrior Place','00729 Oak Valley Way','El Paso','1','Texas','17902',69528,91,'2022-05-03','2022-01-04'),('168','781 Fieldstone Pass','85064 Lindbergh Parkway','Durham','3','North Carolina','16183',3567,581,'2022-06-19','2022-08-13'),('169','59 Coolidge Circle','24 Fieldstone Terrace','Charlotte','3','North Carolina','14427',64850,569,'2021-10-03','2021-11-17'),('17','496 Comanche Lane','7478 Main Junction','Washington','3','District of Columbia','15736',62321,486,'2022-06-22','2022-07-31'),('170','321 Arapahoe Plaza','34 Goodland Road','Baton Rouge','2','Louisiana','10375',82079,254,'2022-05-23','2021-09-03'),('171','529 Killdeer Hill','10967 Blue Bill Park Park','Winston Salem','3','North Carolina','12364',8175,581,'2022-05-19','2022-08-12'),('172','74 Debs Parkway','9934 Hovde Hill','Washington','3','District of Columbia','15683',44494,486,'2022-06-12','2022-02-23'),('173','566 Lunder Plaza','10 Killdeer Center','Saint Augustine','3','Florida','13073',65184,568,'2022-05-27','2022-03-05'),('174','56 Nevada Center','5323 Sutherland Trail','Portsmouth','3','Virginia','15277',88644,460,'2022-07-11','2021-12-16'),('175','6 Sullivan Trail','328 Fordem Street','Cumming','3','Georgia','12561',34733,445,'2021-10-24','2022-03-27'),('176','7 Hanson Place','36901 Thackeray Crossing','Huntington','2','West Virginia','15424',80091,339,'2021-08-28','2022-07-08'),('177','32879 Rusk Alley','4 Burning Wood Lane','Petaluma','2','California','12417',6985,265,'2021-09-22','2022-01-15'),('178','651 Scott Way','7058 Haas Road','Panama City','2','Florida','11076',41993,284,'2022-05-08','2021-11-09'),('179','2375 Daystar Circle','1 Hoepker Trail','Scottsdale','3','Arizona','17758',87878,533,'2022-04-08','2021-12-01'),('18','1208 Lindbergh Place','3 Sunnyside Court','Duluth','2','Georgia','12458',11712,223,'2022-05-18','2022-05-01'),('180','22 Elgar Way','6834 Scott Drive','Cincinnati','3','Ohio','16096',91103,488,'2021-09-06','2021-11-27'),('181','683 Merchant Hill','43694 Fordem Hill','Washington','1','District of Columbia','10689',21742,98,'2022-03-30','2022-02-28'),('182','0 Texas Place','8569 Oneill Point','Fort Lauderdale','2','Florida','12139',48273,284,'2021-10-12','2022-07-26'),('183','05060 Thompson Circle','290 Vidon Trail','Canton','3','Ohio','17752',35304,488,'2021-10-08','2022-04-21'),('184','0 Pierstorff Way','4475 Florence Place','New Orleans','2','Louisiana','13517',40077,254,'2022-07-20','2021-10-17'),('185','9 Armistice Lane','32 Montana Street','Newport News','3','Virginia','15412',81989,460,'2021-09-27','2022-01-24'),('186','848 Orin Junction','52799 Stephen Circle','San Diego','2','California','10053',19737,259,'2022-08-15','2022-04-05'),('187','97163 Evergreen Place','98 Talisman Terrace','Houston','3','Texas','17390',28832,458,'2022-03-01','2022-03-24'),('188','68124 Kedzie Trail','21 Artisan Terrace','Fort Smith','2','Arkansas','10520',56679,252,'2022-04-11','2021-10-04'),('189','77310 John Wall Way','67283 Mallard Road','Charlotte','2','North Carolina','10074',27944,285,'2021-11-17','2022-05-05'),('19','2 Manley Alley','90427 Spaight Parkway','Boulder','1','Colorado','14715',8846,111,'2022-04-27','2022-04-03'),('190','1592 Schiller Trail','81 Hermina Terrace','Austin','1','Texas','12715',11410,91,'2022-07-23','2022-03-07'),('191','25709 Commercial Terrace','3 Fieldstone Crossing','Macon','2','Georgia','18637',19904,223,'2021-10-24','2022-01-21'),('192','4150 Brown Drive','5674 Algoma Drive','Las Vegas','1','Nevada','13770',99111,90,'2022-04-15','2021-10-17'),('193','2681 Victoria Point','30323 Thackeray Parkway','Harrisburg','1','Pennsylvania','19008',24016,90,'2021-10-07','2022-04-08'),('194','353 South Avenue','08848 Reindahl Circle','Punta Gorda','1','Florida','12678',6587,116,'2021-10-03','2022-05-20'),('195','17 Old Gate Court','77 Bluestem Drive','Saint Cloud','2','Minnesota','13503',57279,270,'2022-07-15','2022-07-16'),('196','59291 Sachtjen Plaza','0588 Myrtle Avenue','Oakland','1','California','15212',533,109,'2021-11-24','2022-05-11'),('197','1549 Green Junction','328 Maple Wood Court','Alexandria','1','Virginia','16114',65870,92,'2022-05-28','2022-04-02'),('198','09687 Debra Terrace','23827 Emmet Point','Houston','1','Texas','18189',58716,91,'2022-03-12','2022-07-27'),('199','6494 Center Center','95 Darwin Avenue','Columbia','2','South Carolina','15525',70600,291,'2021-11-23','2022-01-08'),('2','17112 Dennis Parkway','33 Russell Court','Tacoma','3','Washington','19614',21096,502,'2022-02-02','2022-07-29'),('20','3436 Beilfuss Lane','03486 Village Park','Miami','1','Florida','12154',45351,113,'2022-01-22','2022-04-22'),('200','146 Express Court','83 Carpenter Center','New Orleans','2','Louisiana','14964',15578,254,'2022-04-25','2022-05-13'),('201','7 Grim Point','779 American Plaza','Asheville','3','North Carolina','15049',66715,569,'2021-09-11','2022-06-12'),('202','6 Forest Run Road','42943 Homewood Park','Berkeley','2','California','15104',4129,265,'2021-12-21','2022-03-29'),('203','70 Hooker Court','328 Merrick Alley','Jackson','1','Mississippi','18405',76733,104,'2022-05-07','2022-03-04'),('204','6765 Moose Drive','0 Arapahoe Alley','Atlanta','1','Georgia','10390',16695,89,'2022-06-22','2021-11-09'),('205','52789 Esker Parkway','2936 Lighthouse Bay Drive','Saint Louis','3','Missouri','15213',63593,431,'2022-01-15','2022-04-11'),('206','41 Moose Center','9 Packers Pass','Anchorage','1','Alaska','18990',57672,175,'2021-10-17','2022-06-01'),('207','0327 Mifflin Point','66 Randy Circle','Peoria','2','Arizona','18006',27512,267,'2022-07-27','2022-06-15'),('208','28086 Elka Parkway','81 Bayside Junction','Saint Augustine','2','Florida','11267',41816,284,'2022-07-14','2021-10-02'),('209','21 Riverside Terrace','2 Kenwood Alley','New Orleans','1','Louisiana','19437',21594,101,'2021-12-08','2021-11-25'),('21','112 Oneill Street','47589 Magdeline Alley','Reading','3','Pennsylvania','16390',46718,450,'2021-12-21','2021-12-20'),('210','41422 Arizona Road','7 Ryan Way','South Lake Tahoe','3','California','14431',52977,519,'2022-08-09','2021-12-14'),('211','2 Dovetail Center','50786 Warner Point','San Diego','1','California','19999',22832,104,'2021-12-16','2022-01-16'),('212','7 Bartelt Junction','7 4th Alley','Los Angeles','1','California','15339',41737,104,'2022-05-05','2022-06-22'),('213','6 Larry Street','754 Bunker Hill Trail','Cleveland','3','Ohio','12465',32063,488,'2022-03-06','2021-09-15'),('214','8499 Kings Court','20643 Mayer Point','Washington','2','District of Columbia','15469',67524,243,'2021-12-25','2022-04-20'),('215','965 Manley Trail','556 Elmside Alley','Albuquerque','3','New Mexico','15827',21593,561,'2021-08-27','2022-03-17'),('216','7114 Bunting Crossing','8041 Macpherson Center','Washington','1','District of Columbia','17921',88623,98,'2022-03-28','2022-04-19'),('217','2972 Troy Lane','36 Prairieview Drive','Lakeland','2','Florida','17232',43128,284,'2022-01-21','2022-04-27'),('218','9192 Bonner Street','07 Mcguire Plaza','Charleston','3','South Carolina','12300',68555,583,'2022-04-20','2022-03-26'),('219','54 Evergreen Plaza','3 Merry Crossing','Philadelphia','3','Pennsylvania','16333',35783,450,'2022-02-18','2022-05-23'),('22','0008 Kennedy Place','5 Tennyson Pass','Helena','1','Montana','12602',16660,103,'2022-06-27','2021-12-02'),('220','25 Westridge Hill','63 Hayes Drive','New York City','1','New York','15495',72820,117,'2021-11-29','2021-11-02'),('221','98074 Grover Pass','6 Springview Lane','Richmond','2','Virginia','17738',33168,230,'2021-12-07','2021-10-26'),('222','8184 Marquette Street','4778 Schlimgen Junction','Anchorage','1','Alaska','19884',79967,175,'2022-08-13','2022-05-04'),('223','2 Transport Way','69166 Moose Center','San Diego','1','California','13332',9980,106,'2022-05-02','2022-07-18'),('224','68 Shelley Circle','8 Ridge Oak Hill','Birmingham','1','Alabama','19492',30575,102,'2021-12-03','2021-09-09'),('225','4 Starling Court','8 Larry Place','Springfield','3','Missouri','14931',16452,431,'2022-05-22','2021-08-28'),('226','6 Carberry Place','443 Oak Road','Tacoma','2','Washington','10379',9983,257,'2022-03-28','2021-12-25'),('227','670 Elka Lane','019 Old Shore Way','Hagerstown','1','Maryland','13480',77278,73,'2022-05-04','2022-07-12'),('228','6158 Tony Hill','91465 Dawn Plaza','Lansing','1','Michigan','14769',38285,104,'2022-01-26','2022-02-22'),('229','916 Scott Lane','6 Mallard Drive','Reno','1','Nevada','11241',87653,90,'2021-11-16','2022-06-07'),('23','44 Forster Road','91 Springs Plaza','Louisville','3','Kentucky','16288',48915,679,'2022-03-14','2022-05-22'),('230','257 5th Place','472 Brentwood Alley','Omaha','1','Nebraska','14334',49208,91,'2022-05-03','2021-11-19'),('231','07516 Scott Pass','6 Nobel Junction','Saint Joseph','3','Missouri','14537',49213,431,'2021-10-05','2022-02-04'),('232','49774 Prairie Rose Avenue','55 Ridgeview Place','San Jose','3','California','10475',66188,519,'2021-09-01','2021-12-04'),('233','08481 Fairfield Circle','026 Merchant Circle','Spartanburg','1','South Carolina','12046',4703,119,'2021-11-17','2022-06-30'),('234','3 Messerschmidt Alley','641 Golf Point','Fairfax','2','Virginia','16439',14711,230,'2021-10-01','2021-12-23'),('235','8531 Pepper Wood Plaza','6597 Charing Cross Lane','Detroit','3','Michigan','15893',11146,521,'2021-11-02','2022-05-21'),('236','34 Cambridge Drive','97474 Manitowish Parkway','Boston','2','Massachusetts','13653',68430,280,'2022-03-29','2022-07-11'),('237','00 Helena Way','402 Little Fleur Circle','Kansas City','2','Missouri','11676',31729,216,'2022-03-29','2021-10-29'),('238','21139 Forest Center','0 Lyons Crossing','Sandy','2','Utah','17953',46779,275,'2022-07-29','2022-04-24'),('239','757 Kim Terrace','606 Marquette Circle','El Paso','1','Texas','13247',81481,91,'2021-10-07','2021-12-15'),('24','534 Hanson Terrace','62100 Namekagon Plaza','Tacoma','1','Washington','13368',96407,100,'2021-09-24','2022-01-02'),('240','70215 South Road','9 Park Meadow Court','Norfolk','1','Virginia','18769',79299,92,'2021-11-05','2022-02-26'),('241','17 Prairieview Alley','6300 Warrior Park','Kalamazoo','3','Michigan','18866',13233,521,'2022-03-24','2022-01-18'),('242','3786 Northland Park','3245 Crownhardt Place','Florence','2','South Carolina','13798',27042,291,'2022-01-01','2022-04-08'),('243','7 Hallows Point','79 Pepper Wood Plaza','Dulles','2','Virginia','10973',88691,230,'2022-03-05','2022-04-09'),('244','370 Helena Hill','229 Corscot Crossing','Wilkes Barre','2','Pennsylvania','19488',10325,225,'2022-08-04','2022-05-11'),('245','559 Bartelt Place','9 Utah Way','Oklahoma City','1','Oklahoma','12417',47676,99,'2021-09-14','2022-06-09'),('246','524 Farmco Park','6461 Buell Terrace','Kansas City','3','Missouri','11448',48925,431,'2022-06-17','2022-01-05'),('247','47663 Anhalt Center','3932 Claremont Place','Boynton Beach','2','Florida','13130',96914,284,'2022-07-21','2022-08-02'),('248','76691 Carpenter Court','30 Oriole Point','Marietta','2','Georgia','13105',41666,223,'2022-01-28','2021-09-18'),('249','27362 Namekagon Trail','49214 Maple Wood Crossing','Pittsburgh','1','Pennsylvania','13006',22454,90,'2021-08-26','2022-01-05'),('25','54468 Fairfield Point','40517 Bartillon Park','Baltimore','1','Maryland','13256',50033,73,'2022-01-10','2021-10-20'),('250','869 Banding Lane','52481 Moulton Road','Macon','3','Georgia','15760',38177,445,'2022-05-12','2022-07-20'),('251','0001 Beilfuss Park','244 Mosinee Road','Fredericksburg','2','Virginia','16396',40344,230,'2022-08-08','2021-11-05'),('252','15358 Becker Pass','394 Marquette Place','Young America','1','Minnesota','14774',37115,108,'2021-12-28','2021-12-29'),('253','06 Hoard Way','06281 Brickson Park Place','Buffalo','2','New York','19433',39875,293,'2022-03-06','2021-11-20'),('254','96567 Oak Valley Plaza','63 Golf Avenue','Austin','2','Texas','10252',63605,229,'2022-01-01','2021-08-21'),('255','9 Truax Street','8 Amoth Parkway','Philadelphia','2','Pennsylvania','12429',95548,225,'2021-12-22','2022-01-06'),('256','3 Roth Court','99 Del Mar Center','Birmingham','2','Alabama','12064',70786,256,'2022-08-18','2021-10-22'),('257','33237 Dawn Street','1 Kedzie Point','Johnstown','2','Pennsylvania','10700',80196,225,'2021-09-06','2022-03-05'),('258','796 Sunnyside Lane','85887 Barby Drive','Corpus Christi','1','Texas','12875',58852,91,'2022-03-11','2021-09-14'),('259','583 Gina Trail','5205 Calypso Street','Washington','2','District of Columbia','18126',30276,243,'2022-03-19','2022-04-02'),('26','338 Kensington Alley','93 Harbort Road','Pasadena','3','Texas','17335',39834,458,'2022-07-20','2022-06-24'),('260','9 Badeau Court','8 Dakota Avenue','Davenport','3','Iowa','17045',37093,428,'2022-03-01','2022-01-19'),('261','4 Sullivan Parkway','38 Ramsey Pass','Chicago','3','Illinois','19148',70543,525,'2022-02-07','2021-09-19'),('262','4 Dryden Avenue','2 Little Fleur Center','Washington','1','District of Columbia','11261',85295,98,'2022-08-10','2022-01-30'),('263','03666 Glacier Hill Trail','8 Morning Junction','Lincoln','1','Nebraska','10750',15984,91,'2022-08-19','2022-03-26'),('264','2708 Carey Terrace','9066 Village Junction','Monroe','1','Louisiana','13317',54843,101,'2021-10-06','2022-05-12'),('265','0952 Park Meadow Court','0 Forster Plaza','Houston','3','Texas','14047',59806,458,'2021-09-04','2022-06-16'),('266','0212 Mendota Road','01872 Red Cloud Circle','Trenton','1','New Jersey','19629',78313,110,'2022-06-21','2021-11-06'),('267','39681 Everett Avenue','5 Northland Street','Louisville','3','Kentucky','13140',16990,679,'2021-10-27','2022-02-27'),('268','8384 Granby Place','65 Northfield Court','Norwalk','3','Connecticut','18859',48679,432,'2022-02-14','2021-09-09'),('269','45 Ludington Lane','6 Melody Park','Baltimore','3','Maryland','15912',45291,368,'2021-08-23','2022-03-22'),('27','586 Meadow Vale Alley','53642 Fulton Point','Brooklyn','2','New York','10530',75728,293,'2022-02-10','2021-10-17'),('270','5808 Montana Drive','851 North Point','Jamaica','1','New York','15193',8367,120,'2022-03-12','2022-01-17'),('271','1410 Knutson Point','03 Forest Dale Alley','West Palm Beach','1','Florida','16231',3073,116,'2021-11-13','2022-02-17'),('272','61140 Del Mar Park','61223 Oxford Drive','Sacramento','1','California','13357',53676,104,'2022-03-02','2022-02-11'),('273','5 Sutherland Hill','7 Union Road','Newark','3','New Jersey','12752',30777,547,'2022-08-09','2021-10-01'),('274','9505 Charing Cross Drive','921 Hollow Ridge Circle','Young America','2','Minnesota','10628',90370,270,'2022-01-01','2021-11-29'),('275','82114 Independence Road','56 Dottie Terrace','Baltimore','1','Maryland','14367',72797,73,'2022-04-01','2021-10-22'),('276','870 3rd Parkway','2 Starling Terrace','Pasadena','2','California','19071',90529,259,'2021-09-18','2021-10-12'),('277','469 Drewry Park','390 Morning Pass','Arlington','3','Virginia','14399',92553,460,'2022-01-18','2021-10-03'),('278','23013 Doe Crossing Parkway','88539 Anhalt Place','Washington','2','District of Columbia','18946',60765,243,'2022-03-06','2022-08-10'),('279','73797 Holy Cross Center','389 Tony Plaza','Denver','2','Colorado','12355',42428,272,'2022-04-28','2022-01-29'),('28','1493 Lakewood Gardens Park','28281 Colorado Way','Anchorage','2','Alaska','18088',95012,438,'2022-03-15','2021-11-20'),('280','833 Marquette Drive','195 Del Mar Alley','Orlando','3','Florida','18651',94766,568,'2022-01-16','2022-06-21'),('281','54899 Arkansas Park','01 Clarendon Terrace','Macon','1','Georgia','15322',35709,89,'2021-10-29','2021-12-05'),('282','229 Continental Court','221 Browning Place','New Brunswick','1','New Jersey','12044',77495,110,'2022-04-14','2022-07-01'),('283','020 Clarendon Drive','05213 Hansons Lane','Las Vegas','3','Nevada','10097',76837,452,'2021-09-22','2022-08-09'),('284','5192 Hayes Parkway','1 Forster Crossing','Louisville','3','Kentucky','13005',15005,679,'2022-07-15','2022-04-06'),('285','14 Sage Crossing','5154 Meadow Vale Point','Reno','2','Nevada','16197',3674,231,'2022-03-28','2022-02-25'),('286','6581 Cordelia Lane','950 Mesta Junction','Bonita Springs','3','Florida','17302',83916,568,'2022-04-18','2022-08-11'),('287','32244 Blaine Hill','023 Ramsey Junction','Newark','1','Delaware','19826',69737,116,'2021-12-19','2022-06-17'),('288','88 American Street','4493 Knutson Park','Fort Lauderdale','1','Florida','16060',96834,113,'2022-02-06','2022-05-07'),('289','6378 Lighthouse Bay Terrace','9 Melrose Park','Pittsburgh','3','Pennsylvania','15193',59103,450,'2021-09-29','2021-10-12'),('29','29982 7th Road','91155 5th Avenue','Greensboro','3','North Carolina','17703',47719,569,'2022-06-23','2022-03-04'),('290','27 Old Gate Parkway','21110 Schmedeman Center','Sacramento','2','California','11473',82813,259,'2021-11-22','2022-03-21'),('291','6266 Green Ridge Parkway','916 Sunnyside Park','Austin','2','Texas','17777',11121,229,'2021-12-24','2022-05-19'),('292','15869 Acker Lane','15 Kipling Trail','Huntington','2','West Virginia','17120',76735,339,'2021-12-17','2022-02-14'),('293','7062 Starling Trail','7 Shopko Park','Savannah','1','Georgia','15616',13382,89,'2021-10-23','2022-08-01'),('294','08 Ohio Junction','29 Gulseth Trail','Macon','3','Georgia','10132',48349,445,'2022-02-12','2022-06-08'),('295','573 Havey Terrace','640 Barby Way','Kansas City','1','Kansas','17567',20367,106,'2022-02-25','2021-08-29'),('296','14 Springs Avenue','6 Daystar Parkway','Brooklyn','2','New York','13434',50067,293,'2022-04-25','2022-01-15'),('297','6083 Kingsford Court','518 Crownhardt Circle','Sacramento','1','California','11924',98131,104,'2022-06-16','2022-03-06'),('298','8205 Tomscot Street','4087 Clarendon Place','Waterloo','2','Iowa','10974',86788,214,'2022-04-20','2022-01-10'),('299','9 Northland Pass','26149 Kipling Parkway','Cincinnati','1','Ohio','13894',6947,100,'2022-02-11','2022-03-14'),('3','3207 Talmadge Road','6 Kensington Court','Wilmington','3','Delaware','16107',63213,582,'2022-05-10','2022-05-23'),('30','9511 Oakridge Center','3247 Roth Alley','Detroit','1','Michigan','15557',27766,104,'2022-02-10','2021-10-15'),('300','527 Sommers Drive','28246 Sloan Court','Austin','2','Texas','10705',83245,229,'2022-03-29','2022-03-25'),('301','402 Fairview Circle','1477 Little Fleur Terrace','Yakima','1','Washington','11545',83647,100,'2022-04-07','2021-09-08'),('302','88731 American Court','37 Hollow Ridge Way','Philadelphia','1','Pennsylvania','10683',10486,90,'2022-05-27','2022-07-01'),('303','32 Roxbury Hill','64418 East Park','Norfolk','2','Virginia','15767',33726,230,'2021-08-31','2021-11-08'),('304','19726 Scofield Drive','40679 Marquette Way','Port Charlotte','1','Florida','13707',56782,113,'2022-08-05','2022-05-29'),('305','112 Hoffman Pass','26035 Hoard Court','Boca Raton','1','Florida','14115',56303,113,'2022-05-07','2022-07-27'),('306','8147 Troy Plaza','3 Southridge Center','Los Angeles','1','California','19936',5950,106,'2022-02-20','2021-11-25'),('307','0 Fremont Place','75357 David Point','Boston','1','Massachusetts','17758',76014,112,'2022-01-07','2021-12-31'),('308','7 West Lane','1 Park Meadow Alley','Farmington','1','Michigan','15540',92970,104,'2022-06-23','2021-10-03'),('309','800 Eastlawn Point','3246 Melby Court','Louisville','3','Kentucky','11016',45857,679,'2022-01-12','2021-08-22'),('31','2 Bonner Place','30345 Glendale Point','Trenton','2','New Jersey','18725',40832,273,'2022-04-15','2021-08-20'),('310','09300 Eagle Crest Court','5391 Arrowood Alley','Houston','2','Texas','15620',146,239,'2022-02-17','2021-09-14'),('311','78 Independence Hill','677 Melvin Junction','Nashville','2','Tennessee','14511',56907,288,'2021-10-05','2021-11-13'),('312','794 Montana Road','03 Marcy Terrace','Orlando','1','Florida','13638',80052,113,'2022-05-14','2022-02-09'),('313','689 Fairview Terrace','7 Westport Plaza','Reading','3','Pennsylvania','11211',70806,450,'2022-02-26','2021-08-22'),('314','74 Grover Circle','3 Sachtjen Avenue','San Francisco','1','California','11820',85824,104,'2021-10-05','2022-08-02'),('315','91308 Golf Terrace','40 Clarendon Center','Roanoke','1','Virginia','12941',31024,92,'2021-12-24','2022-06-01'),('316','32 Alpine Crossing','6 Eagan Circle','Minneapolis','3','Minnesota','15467',12841,539,'2021-12-21','2022-02-28'),('317','8 Lawn Plaza','09056 4th Place','South Bend','1','Indiana','18953',33344,97,'2022-01-03','2022-02-03'),('318','6 Hoepker Street','397 Oak Pass','Washington','1','District of Columbia','17423',90915,98,'2022-01-13','2022-07-14'),('319','1993 Oak Valley Street','87381 Shoshone Terrace','Saint Louis','3','Missouri','10434',94310,431,'2021-12-08','2021-09-20'),('32','227 Bunker Hill Park','05067 Park Meadow Park','Lincoln','1','Nebraska','16301',45364,91,'2022-04-09','2022-06-29'),('320','22139 Fairfield Street','33112 Fairfield Avenue','Lynchburg','2','Virginia','19367',8921,235,'2021-12-01','2022-03-19'),('321','0027 Mariners Cove Park','52 Elgar Terrace','San Diego','3','California','16262',80769,519,'2022-05-05','2022-08-03'),('322','23400 Green Crossing','5917 Bultman Road','Pensacola','3','Florida','10710',90309,568,'2022-01-10','2021-10-10'),('323','90 Ronald Regan Avenue','0 Kipling Avenue','Duluth','1','Georgia','14145',56788,89,'2021-11-28','2022-06-29'),('324','49682 Clarendon Hill','5 Park Meadow Park','Raleigh','2','North Carolina','16771',20083,285,'2022-06-04','2022-02-08'),('325','88 Havey Point','8 Dexter Trail','Warren','1','Ohio','19595',64592,98,'2022-06-22','2021-11-03'),('326','9113 Pankratz Court','89 Stoughton Junction','Midland','2','Texas','17152',92957,229,'2021-12-06','2021-08-25'),('327','78375 Sundown Crossing','51 Delaware Place','Tulsa','2','Oklahoma','17662',59807,246,'2022-04-29','2022-04-26'),('328','40 Moland Junction','1092 Moland Parkway','Woburn','1','Massachusetts','14103',16843,112,'2022-05-23','2022-07-27'),('329','5 Browning Hill','7 Ramsey Parkway','Oklahoma City','2','Oklahoma','11170',2273,252,'2021-10-05','2022-02-06'),('33','76 Mendota Hill','0 Springview Alley','Bronx','2','New York','15603',85981,293,'2021-09-11','2022-06-26'),('330','20054 Tomscot Crossing','28 Morningstar Avenue','Saginaw','2','Michigan','15029',27071,260,'2022-05-01','2021-09-04'),('331','2 Forster Terrace','0 Johnson Plaza','Milwaukee','1','Wisconsin','17733',77620,116,'2022-02-02','2021-09-29'),('332','7647 Tennessee Drive','4 Loomis Parkway','Macon','1','Georgia','10625',68241,89,'2022-01-02','2021-09-28'),('333','1182 Maywood Circle','3813 Main Alley','New York City','2','New York','11392',29782,293,'2022-01-20','2021-10-20'),('334','55 Iowa Lane','8345 Red Cloud Circle','Washington','3','District of Columbia','14816',68698,486,'2022-06-15','2022-08-17'),('335','31672 Westport Alley','8 Judy Junction','Wichita','2','Kansas','19845',2035,271,'2022-02-12','2022-02-14'),('336','39 Hovde Place','77297 Lighthouse Bay Avenue','North Las Vegas','3','Nevada','17687',52122,452,'2021-12-04','2022-08-03'),('337','6 Iowa Lane','2 Green Ridge Street','Cincinnati','3','Ohio','17855',72310,488,'2021-12-05','2022-02-08'),('338','8887 Swallow Trail','14996 American Plaza','Houston','2','Texas','17601',42873,229,'2022-06-03','2022-03-03'),('339','79334 Hansons Circle','52544 Doe Crossing Court','Midland','3','Michigan','13710',90540,521,'2022-06-29','2021-09-09'),('34','0 Northview Circle','26626 East Terrace','Baton Rouge','1','Louisiana','18445',48472,101,'2022-05-02','2022-07-12'),('340','43686 Upham Plaza','664 Lake View Pass','New York City','3','New York','15888',50364,586,'2022-02-07','2022-05-19'),('341','40725 Westport Junction','555 Beilfuss Court','Phoenix','3','Arizona','17246',40045,533,'2021-12-18','2022-01-20'),('342','07266 Portage Alley','36 Bayside Way','Tampa','1','Florida','16014',87055,113,'2022-08-05','2022-03-24'),('343','78505 Manley Road','4 Oriole Plaza','New Haven','1','Connecticut','10540',86130,86,'2022-08-16','2021-09-24'),('344','538 Clyde Gallagher Pass','975 Montana Drive','Lexington','1','Kentucky','15796',20892,136,'2021-12-23','2022-07-17'),('345','3663 Florence Hill','3 Magdeline Point','Charlotte','2','North Carolina','10829',1523,291,'2021-11-22','2022-03-17'),('346','5 Annamark Crossing','6206 Eliot Point','Kalamazoo','1','Michigan','19467',5221,106,'2021-09-05','2022-08-01'),('347','710 Londonderry Lane','4 Muir Trail','Pueblo','3','Colorado','14241',40496,546,'2021-10-03','2022-05-05'),('348','7856 Lyons Court','8 Fuller Center','Boulder','2','Colorado','15732',39701,272,'2021-09-29','2022-01-22'),('349','4091 Delaware Way','82 Dapin Court','Atlanta','3','Georgia','16351',22812,445,'2021-09-25','2021-11-18'),('35','8849 Anderson Circle','3 Tennessee Alley','Visalia','3','California','16264',8442,530,'2022-02-15','2021-09-27'),('350','65 Dorton Alley','9 Grasskamp Trail','Huntington','2','West Virginia','14197',827,354,'2022-07-19','2021-12-04'),('351','652 Eggendart Pass','2236 Lighthouse Bay Circle','Austin','1','Texas','14545',93433,91,'2022-03-15','2022-07-26'),('352','0 Dahle Court','98633 Arkansas Parkway','Augusta','3','Georgia','12121',39437,445,'2022-04-01','2022-06-22'),('353','822 Texas Street','82146 Dwight Center','Tacoma','2','Washington','12579',36607,251,'2022-04-12','2022-02-09'),('354','93223 Fremont Park','3 Forest Dale Parkway','Greenville','1','South Carolina','12805',70109,116,'2022-08-14','2021-09-25'),('355','0 Becker Place','13948 Armistice Center','Arvada','2','Colorado','16918',65940,272,'2022-02-02','2021-09-29'),('356','79682 Lunder Trail','828 Hauk Junction','Saint Paul','3','Minnesota','10896',43725,539,'2022-07-27','2022-02-13'),('357','66 Kenwood Street','2444 Dakota Lane','Boise','3','Idaho','19348',35763,471,'2022-08-04','2021-08-21'),('358','24498 Lakeland Plaza','43 Cambridge Hill','Mountain View','3','California','12004',28987,519,'2022-02-12','2021-11-25'),('359','6 Dovetail Drive','25324 Mcbride Plaza','San Diego','3','California','12673',98899,519,'2022-02-10','2021-09-06'),('36','0 Park Meadow Point','5 Blackbird Park','Irvine','1','California','18053',34522,104,'2022-01-03','2022-04-23'),('360','75514 Truax Alley','484 Reindahl Pass','Denver','1','Colorado','10065',37895,109,'2022-02-19','2022-06-13'),('361','5 Laurel Trail','21 Merrick Circle','Young America','2','Minnesota','11630',90103,270,'2022-02-07','2021-11-23'),('362','8 Saint Paul Place','54423 Walton Plaza','Galveston','2','Texas','11556',20151,229,'2022-04-23','2022-05-10'),('363','4815 Clyde Gallagher Terrace','638 Carberry Point','Kent','3','Washington','15351',40959,502,'2022-01-25','2022-08-12'),('364','29 Grayhawk Hill','8 Cherokee Pass','Pasadena','3','California','10797',5450,530,'2022-05-05','2022-04-13'),('365','25 Manley Alley','3463 Loomis Parkway','Brooklyn','1','New York','19923',55245,117,'2022-03-27','2022-06-01'),('366','82816 Coleman Alley','0 Laurel Plaza','Salt Lake City','2','Utah','18823',19342,275,'2022-07-07','2022-07-19'),('367','35525 Gerald Park','179 Sundown Way','Topeka','2','Kansas','10263',13980,265,'2022-02-16','2021-10-11'),('368','5148 Mariners Cove Place','0614 Holmberg Alley','Tulsa','1','Oklahoma','12720',31112,99,'2022-06-21','2022-04-01'),('369','702 Autumn Leaf Hill','90 8th Trail','Las Vegas','1','Nevada','19299',99274,90,'2021-12-05','2022-01-14'),('37','71 Beilfuss Junction','46 Stone Corner Court','Decatur','3','Illinois','15640',84159,525,'2022-08-09','2021-12-21'),('370','629 Kropf Avenue','783 Goodland Plaza','Fort Lauderdale','3','Florida','15585',39339,568,'2021-09-20','2022-02-22'),('371','0 Pepper Wood Point','05095 North Place','Waterbury','1','Connecticut','13648',22858,86,'2022-06-12','2022-04-30'),('372','76 Village Green Court','289 Ridgeview Pass','Albuquerque','1','New Mexico','17803',56271,113,'2022-04-30','2022-04-21'),('373','84 Upham Court','470 Marcy Road','Anchorage','1','Alaska','19677',60287,175,'2022-01-19','2021-11-10'),('374','7 Park Meadow Trail','67873 Mitchell Center','Kansas City','3','Kansas','18530',9951,541,'2022-03-03','2022-01-23'),('375','98890 Mcguire Crossing','22 Spaight Center','Bronx','1','New York','11760',30020,117,'2022-08-02','2022-01-27'),('376','623 Southridge Road','5 Homewood Road','Colorado Springs','2','Colorado','18194',65905,272,'2021-10-03','2021-09-05'),('377','65092 Laurel Circle','275 Waywood Crossing','Monticello','3','Minnesota','11886',33202,539,'2022-04-12','2021-12-01'),('378','991 Shasta Parkway','66 Fair Oaks Trail','Charleston','1','South Carolina','12023',9424,119,'2022-05-04','2022-07-23'),('379','1923 Vermont Hill','3 Arkansas Park','Fort Wayne','2','Indiana','18416',79899,241,'2022-04-21','2022-06-21'),('38','69326 Mccormick Street','196 Carberry Center','Sterling','3','Virginia','14642',66145,460,'2022-03-04','2022-05-03'),('380','8581 Daystar Street','78486 American Road','Cape Coral','3','Florida','11780',61435,568,'2022-06-12','2022-08-09'),('381','5 Dexter Lane','67522 Stone Corner Park','Portland','1','Oregon','16990',79338,90,'2021-12-20','2021-10-13'),('382','2 Gerald Terrace','5 Artisan Crossing','Louisville','2','Kentucky','15734',28257,339,'2022-05-02','2022-02-14'),('383','83 Sunfield Place','1 Fulton Terrace','Houston','1','Texas','12198',59199,91,'2022-04-05','2022-05-01'),('384','66 Beilfuss Lane','5789 Browning Drive','New Orleans','1','Louisiana','16720',15291,101,'2021-10-12','2021-10-05'),('385','089 7th Park','1468 Carioca Court','Dallas','2','Texas','16842',61060,229,'2022-05-02','2022-05-30'),('386','7 Bartelt Court','6215 Crowley Trail','Anchorage','1','Alaska','13463',64099,175,'2021-10-17','2022-04-01'),('387','6811 Reinke Parkway','77 Huxley Drive','Wilmington','2','Delaware','14096',85750,291,'2022-06-30','2021-12-08'),('388','97 2nd Court','8 Pleasure Junction','Denver','3','Colorado','10452',78674,546,'2022-05-07','2021-10-16'),('389','61 Schiller Lane','57 Vahlen Court','Kansas City','1','Missouri','11585',99095,86,'2022-08-05','2022-06-26'),('39','164 Vidon Road','39482 Mifflin Center','Hyattsville','3','Maryland','11620',43888,368,'2022-07-03','2021-09-22'),('390','16 Rigney Junction','9395 Ronald Regan Plaza','Syracuse','3','New York','17103',92288,586,'2022-07-27','2022-05-01'),('391','7 8th Place','46979 Spaight Pass','Peoria','1','Illinois','12129',61394,105,'2022-01-04','2021-10-14'),('392','41243 Eagan Parkway','9145 Old Gate Pass','Dayton','1','Ohio','12672',7069,100,'2022-01-10','2021-11-19'),('393','67 Bashford Road','5292 Kropf Crossing','New York City','1','New York','10329',97095,117,'2021-09-25','2021-08-28'),('394','2530 Spohn Way','03577 Raven Hill','Honolulu','1','Hawaii','16487',53183,123,'2021-10-28','2022-02-01'),('395','0904 Welch Avenue','48 Packers Circle','Fort Lauderdale','1','Florida','16091',14166,113,'2022-06-01','2022-04-22'),('396','61 Northland Lane','75 Northland Hill','Knoxville','1','Tennessee','15477',24778,115,'2022-06-22','2021-11-03'),('397','642 Mitchell Point','618 Merry Park','Valdosta','1','Georgia','11161',75772,89,'2021-10-30','2022-01-23'),('398','23955 Oak Road','70190 Clarendon Park','Baton Rouge','1','Louisiana','17786',37556,101,'2022-03-18','2022-05-23'),('399','1591 Crowley Plaza','8052 Ilene Terrace','Fayetteville','2','North Carolina','15252',1628,291,'2022-02-16','2022-05-18'),('4','4 Kropf Trail','19852 Ruskin Trail','Fort Wayne','1','Indiana','11815',51832,97,'2022-02-10','2021-12-31'),('40','0901 Sullivan Point','070 Evergreen Circle','Mc Keesport','2','Pennsylvania','16730',84764,225,'2021-10-12','2021-12-29'),('400','867 Burning Wood Pass','857 Parkside Court','Fort Wayne','3','Indiana','11047',42221,483,'2022-01-08','2022-02-05'),('401','96680 Farwell Way','48933 Porter Way','Saint Petersburg','2','Florida','15526',5233,290,'2021-12-09','2021-12-03'),('402','76 Montana Park','0 Prairieview Way','Huntington','3','West Virginia','16886',64952,679,'2022-05-06','2022-01-12'),('403','552 Springview Plaza','389 Buhler Junction','Dallas','2','Texas','15307',45574,229,'2021-10-01','2022-01-25'),('404','333 Hanover Place','8288 Glacier Hill Place','Wichita','3','Kansas','19145',10549,529,'2021-11-20','2022-08-12'),('405','7 Jay Way','46042 Glendale Junction','Anchorage','3','Alaska','17709',89706,876,'2022-06-01','2022-05-16'),('406','2 Bunting Point','93587 East Road','Omaha','3','Nebraska','11061',13442,458,'2022-08-10','2022-02-02'),('407','36960 Onsgard Trail','3014 Swallow Plaza','Memphis','3','Tennessee','13544',65122,576,'2022-03-30','2022-02-21'),('408','83418 Messerschmidt Parkway','6669 Dawn Pass','Austin','2','Texas','14717',71608,229,'2022-01-29','2022-01-10'),('409','9054 Pine View Center','72544 Karstens Crossing','Newark','2','Delaware','17201',11884,291,'2021-09-30','2021-12-26'),('41','1249 Everett Center','9 Hoepker Avenue','Temple','1','Texas','10148',48763,91,'2021-08-23','2021-10-02'),('410','13041 Hayes Hill','13476 Portage Junction','Dallas','1','Texas','17319',18759,91,'2022-04-30','2022-06-28'),('411','46 Buena Vista Street','26 Myrtle Road','Pasadena','2','California','18591',11097,259,'2021-11-12','2021-11-18'),('412','7774 Anhalt Street','4711 Pearson Center','Huntsville','2','Alabama','14572',78804,256,'2021-12-03','2021-10-26'),('413','212 Pearson Hill','890 Chinook Center','Fresno','3','California','18588',59027,519,'2022-01-29','2022-07-07'),('414','00 Meadow Valley Way','4 3rd Crossing','Roanoke','1','Virginia','18034',49975,92,'2021-12-09','2021-10-27'),('415','80 Lakeland Way','3322 Westerfield Place','Raleigh','2','North Carolina','12362',71164,285,'2021-09-14','2022-02-11'),('416','4 Commercial Court','9 Merry Plaza','Dallas','2','Texas','10587',62649,229,'2022-02-08','2022-04-16'),('417','9060 Forest Run Terrace','90 Bonner Park','Seattle','2','Washington','16174',88466,251,'2022-04-08','2022-01-13'),('418','2161 Warrior Street','20323 Lake View Pass','New York City','1','New York','13628',6921,120,'2022-04-19','2022-05-15'),('419','640 American Road','2482 Shoshone Junction','Dayton','2','Ohio','17730',80617,244,'2021-11-17','2021-12-14'),('42','83388 Maywood Avenue','6 Carpenter Center','Lansing','2','Michigan','17463',71910,260,'2022-07-07','2022-05-11'),('420','1 Briar Crest Hill','36352 Truax Street','San Francisco','3','California','16788',87625,519,'2022-07-17','2021-10-27'),('421','717 Kedzie Crossing','4 Kings Point','Honolulu','1','Hawaii','13675',63617,123,'2021-12-10','2022-06-16'),('422','4949 Forster Alley','3164 Randy Circle','Minneapolis','1','Minnesota','12643',83484,108,'2022-06-20','2022-07-18'),('423','677 Moose Point','75091 John Wall Terrace','Jacksonville','1','Florida','19418',99457,113,'2022-05-12','2022-07-30'),('424','204 Nelson Center','93226 Blaine Pass','Omaha','2','Nebraska','14102',56533,229,'2022-04-09','2022-04-08'),('425','29 Doe Crossing Plaza','00 Canary Point','Saint Louis','3','Missouri','16600',40550,431,'2021-11-15','2021-09-13'),('426','1 Hanover Court','1715 Mesta Junction','Seattle','3','Washington','14777',94854,502,'2021-08-20','2021-10-11'),('427','4 Shopko Circle','6957 Nancy Pass','Long Beach','2','California','10583',36514,259,'2021-09-19','2022-03-20'),('428','21264 Hagan Alley','1 Kensington Circle','Montgomery','2','Alabama','17154',12622,256,'2021-12-18','2022-04-27'),('429','8594 Dawn Center','2 Elgar Road','New York City','2','New York','11112',45929,293,'2021-09-30','2021-10-10'),('43','8 Meadow Vale Plaza','0 Walton Court','Reading','3','Pennsylvania','16641',13351,450,'2022-01-28','2021-09-21'),('430','28 Hoepker Way','3427 Onsgard Crossing','Naples','3','Florida','10574',63346,568,'2021-10-03','2021-11-09'),('431','7 Lillian Court','3 Tomscot Trail','Independence','1','Missouri','11928',60200,86,'2021-11-30','2022-05-26'),('432','578 Carey Alley','4564 Gale Avenue','Syracuse','1','New York','17137',63436,117,'2021-11-17','2021-08-25'),('433','03 Victoria Junction','014 Elmside Terrace','Jackson','1','Mississippi','15462',71141,104,'2022-07-30','2022-07-27'),('434','1938 Maple Wood Center','3094 Forest Dale Crossing','Phoenix','3','Arizona','16059',64651,533,'2022-03-25','2021-11-01'),('435','80858 Mayfield Street','9 Thierer Pass','Austin','2','Texas','10028',17185,229,'2022-01-12','2021-12-26'),('436','364 Butterfield Parkway','46 Hagan Crossing','Syracuse','1','New York','18141',78266,117,'2021-12-25','2021-09-06'),('437','71695 Rutledge Trail','7265 Thackeray Drive','Tyler','2','Texas','19558',51541,229,'2022-05-28','2022-01-31'),('438','52 Village Pass','9067 Butterfield Drive','Odessa','3','Texas','13593',30708,458,'2022-07-27','2021-12-23'),('439','63084 Russell Avenue','2556 Golf Plaza','Baltimore','3','Maryland','10306',96677,368,'2021-09-26','2022-07-21'),('44','02641 Michigan Junction','5 Anniversary Point','Atlanta','2','Georgia','19409',32896,223,'2022-06-11','2021-11-23'),('440','1 Thackeray Street','2157 Dahle Drive','Miami','2','Florida','17188',69497,284,'2021-12-08','2022-03-31'),('441','7687 Eastwood Circle','37 Brickson Park Street','Valdosta','1','Georgia','13057',11924,89,'2021-09-02','2022-06-26'),('442','4724 Towne Drive','57133 Heath Parkway','Colorado Springs','3','Colorado','10598',7920,558,'2021-09-13','2022-02-07'),('443','280 Southridge Place','7330 Corscot Place','Albuquerque','1','New Mexico','15001',82810,113,'2022-08-16','2021-11-05'),('444','583 Schurz Court','1 Packers Circle','Lancaster','2','California','10285',83899,259,'2022-03-02','2021-08-26'),('445','28 Bayside Court','64014 Morning Crossing','Colorado Springs','1','Colorado','13769',60239,109,'2022-03-22','2022-02-18'),('446','83745 Goodland Court','0 Canary Junction','Galveston','2','Texas','15724',32977,229,'2022-05-03','2022-03-30'),('447','0696 Northview Place','936 Carberry Lane','Springfield','2','Illinois','15208',57685,262,'2022-06-29','2022-02-01'),('448','85790 Burning Wood Park','7 Meadow Ridge Pass','Durham','1','North Carolina','19463',58836,113,'2022-05-12','2022-04-28'),('449','87 Montana Point','926 Ohio Parkway','Concord','3','California','10606',77376,519,'2022-06-08','2022-03-20'),('45','68535 Red Cloud Avenue','5648 Alpine Way','Charleston','1','West Virginia','16438',19245,136,'2022-06-14','2022-07-15'),('450','648 Sommers Hill','1196 Hayes Avenue','Nashville','1','Tennessee','17815',20254,115,'2021-12-24','2022-06-19'),('451','3 Moulton Road','2 Memorial Terrace','Lansing','1','Michigan','13832',1041,106,'2021-09-04','2021-11-16'),('452','2 Dahle Plaza','87 Hollow Ridge Court','Detroit','3','Michigan','18512',91764,521,'2022-03-28','2021-11-28'),('453','685 Goodland Place','043 Center Avenue','Springfield','2','Illinois','18189',55326,262,'2022-06-11','2022-08-17'),('454','12 Lerdahl Trail','2088 Brown Lane','Sacramento','2','California','16681',49025,259,'2022-06-11','2021-09-27'),('455','50 Saint Paul Drive','1866 Randy Court','Cincinnati','3','Ohio','17831',18440,488,'2022-01-17','2021-11-23'),('456','23 Anderson Road','2665 Nobel Avenue','Springfield','2','Missouri','15613',48305,216,'2021-08-26','2021-09-28'),('457','5 Maryland Crossing','8360 Monument Junction','Wichita Falls','2','Texas','15616',71574,229,'2022-02-21','2022-07-07'),('458','28 Stuart Plaza','09846 Judy Crossing','Bronx','1','New York','10997',19073,117,'2022-03-26','2022-07-29'),('459','8 Texas Pass','211 Loeprich Parkway','New York City','2','New York','15934',21798,293,'2021-11-25','2021-10-06'),('46','814 Cottonwood Circle','4944 Schurz Alley','South Bend','3','Indiana','13359',27588,483,'2021-10-17','2022-04-08'),('460','53873 Eagan Plaza','1 Continental Circle','Juneau','1','Alaska','17301',11801,175,'2022-06-22','2022-06-02'),('461','870 Arapahoe Junction','1 Mariners Cove Lane','Bronx','1','New York','17610',30382,117,'2021-09-24','2022-05-13'),('462','181 Brentwood Pass','16 Golden Leaf Hill','Saint Louis','3','Missouri','12477',87311,431,'2021-11-22','2021-11-07'),('463','698 Morningstar Center','78105 Summit Trail','San Jose','2','California','18548',45879,259,'2022-02-26','2022-06-09'),('464','01807 Arkansas Center','05 Westport Plaza','Carson City','2','Nevada','13191',30449,226,'2022-01-15','2021-12-30'),('465','09723 Messerschmidt Trail','1293 Lake View Pass','Fort Pierce','3','Florida','15045',97576,568,'2021-09-30','2022-02-22'),('466','9883 Hermina Crossing','66900 Fairview Plaza','Knoxville','1','Tennessee','16231',2632,118,'2022-01-24','2021-11-19'),('467','882 Spaight Avenue','39293 Bonner Plaza','Miami','3','Florida','15732',3747,580,'2022-08-02','2022-02-13'),('468','6529 Bashford Trail','8889 Bartelt Circle','Wilkes Barre','2','Pennsylvania','10216',6515,230,'2022-06-28','2021-12-18'),('469','0546 Rieder Court','17322 Norway Maple Road','Tampa','2','Florida','11313',57097,284,'2021-10-23','2022-05-13'),('47','799 Canary Plaza','95 Mccormick Street','Athens','1','Georgia','10907',91358,89,'2022-07-06','2022-06-11'),('470','85 Mayer Crossing','5125 Anderson Crossing','Escondido','3','California','17427',45596,519,'2021-10-24','2022-01-21'),('471','4759 Eastlawn Parkway','06 Melrose Street','Erie','2','Pennsylvania','18081',4876,230,'2022-03-07','2022-04-16'),('472','7500 Paget Place','0 Ronald Regan Park','Largo','1','Florida','11895',96934,113,'2022-01-31','2021-12-16'),('473','83900 Amoth Plaza','36172 Bonner Road','Whittier','1','California','17292',28103,104,'2021-12-26','2021-09-01'),('474','7 Macpherson Crossing','32 Warbler Drive','Syracuse','1','New York','17202',98499,117,'2021-11-24','2022-04-09'),('475','53 Straubel Street','202 Golden Leaf Court','Mobile','2','Alabama','11421',39615,256,'2021-10-03','2022-08-19'),('476','3 Mallory Plaza','57 Pankratz Lane','Reno','2','Nevada','19090',96848,226,'2022-03-04','2022-05-25'),('477','11192 Hagan Park','6562 Crest Line Avenue','Greenville','3','South Carolina','15427',17543,583,'2022-06-28','2022-01-25'),('478','720 Brentwood Way','9898 Merchant Pass','Lakeland','2','Florida','11975',79558,284,'2022-07-13','2022-04-25'),('479','29 Holmberg Circle','18203 Hazelcrest Place','Shreveport','2','Louisiana','14109',49014,254,'2021-09-28','2022-05-11'),('48','2 Rockefeller Trail','2 Washington Road','Shreveport','3','Louisiana','11482',61659,509,'2022-02-25','2022-05-24'),('480','30816 Melby Park','80240 Eagan Street','Washington','1','District of Columbia','19962',67573,98,'2021-10-03','2022-08-01'),('481','152 Village Road','02 Arapahoe Place','Dallas','2','Texas','18647',17576,229,'2021-09-18','2022-04-26'),('482','7146 Reindahl Center','01 Grayhawk Court','Warren','3','Ohio','11185',31374,488,'2022-05-26','2022-05-15'),('483','1 Debs Parkway','8717 Randy Avenue','Tulsa','1','Oklahoma','12123',67131,99,'2021-12-19','2021-11-08'),('484','25361 Crowley Road','906 Eastlawn Drive','San Diego','1','California','12494',29875,104,'2022-01-23','2022-02-25'),('485','72 Kropf Place','7990 Dennis Drive','Huntington Beach','3','California','17230',83219,519,'2022-02-24','2022-01-17'),('486','915 Menomonie Court','227 Dryden Court','Houston','2','Texas','15470',92344,229,'2022-08-17','2022-07-27'),('487','4236 Loftsgordon Center','9725 1st Place','Paterson','1','New Jersey','16730',62999,110,'2021-09-27','2022-06-05'),('488','64987 Melrose Way','179 Johnson Circle','Raleigh','3','North Carolina','15563',25829,569,'2022-05-23','2022-08-14'),('489','56 Kropf Pass','8349 Eastlawn Park','Denver','2','Colorado','13552',86582,272,'2021-10-20','2022-08-14'),('49','75 Beilfuss Trail','71 Springs Place','Honolulu','3','Hawaii','13069',58489,613,'2021-10-08','2022-04-03'),('490','7 Del Sol Point','1222 Dovetail Avenue','Cleveland','2','Ohio','12353',90075,244,'2021-12-15','2022-03-15'),('491','181 Valley Edge Trail','42 Clemons Plaza','Saint Louis','3','Missouri','16508',13321,431,'2021-08-20','2022-02-12'),('492','6 Roth Junction','0663 Victoria Place','Tacoma','2','Washington','16045',52938,251,'2022-02-25','2022-02-26'),('493','88 Hoepker Alley','17418 Amoth Road','Merrifield','1','Virginia','12397',90634,92,'2022-01-13','2022-04-15'),('494','52 Parkside Alley','88012 Kipling Drive','Arlington','1','Virginia','13472',42771,92,'2022-06-04','2022-07-24'),('495','0379 Northland Pass','47040 International Parkway','Bronx','2','New York','13934',77435,293,'2021-11-18','2022-01-19'),('496','91 Del Sol Terrace','5 Grasskamp Junction','Denver','3','Colorado','11848',40517,546,'2021-09-07','2021-11-18'),('497','0919 Charing Cross Park','675 Sunfield Parkway','Oakland','2','California','12693',94335,259,'2022-04-22','2021-08-23'),('498','4 Elgar Park','2228 Glacier Hill Way','Wilmington','3','Delaware','19252',53925,582,'2021-09-18','2021-09-27'),('499','5 Clemons Court','6019 Saint Paul Circle','Des Moines','2','Iowa','11745',6254,219,'2021-09-27','2022-03-02'),('5','8445 Mallard Trail','4 Heffernan Center','Saint Louis','2','Missouri','14431',83255,216,'2022-01-10','2021-11-21'),('50','2966 Farmco Drive','63940 New Castle Lane','Tulsa','1','Oklahoma','11706',48316,99,'2021-09-09','2021-09-08'),('500','8 Arkansas Alley','26201 Leroy Court','Merrifield','2','Virginia','19872',90917,230,'2022-03-24','2022-07-17'),('501','7681 Autumn Leaf Center','48 Pennsylvania Trail','Washington','3','District of Columbia','14041',31256,486,'2021-10-13','2021-10-13'),('502','086 Northport Point','61 Huxley Pass','Roanoke','2','Virginia','12182',28593,230,'2022-02-10','2022-01-20'),('503','80 Merchant Crossing','92 Thompson Court','Berkeley','3','California','11705',99021,519,'2022-02-17','2022-04-25'),('504','9400 Sachs Road','78159 Nova Lane','Birmingham','3','Alabama','15595',33636,512,'2022-08-17','2021-09-05'),('505','62553 Jay Plaza','121 Clyde Gallagher Terrace','Madison','3','Wisconsin','11027',94489,580,'2022-03-22','2021-12-06'),('506','63 Hagan Lane','734 Clyde Gallagher Hill','Austin','3','Texas','17939',98210,458,'2022-04-16','2022-06-03'),('507','26373 Maryland Plaza','24351 Roth Court','Stockton','3','California','13318',74910,519,'2022-05-09','2022-06-16'),('508','9359 Carioca Terrace','52 Brickson Park Crossing','Dayton','1','Ohio','13959',97630,98,'2022-07-30','2021-08-20'),('509','1240 Graceland Alley','63 Hayes Junction','Cedar Rapids','3','Iowa','15826',92730,428,'2022-07-10','2021-11-14'),('51','89464 Washington Lane','7 Cordelia Place','New York City','3','New York','17613',76481,586,'2021-08-25','2022-03-12'),('510','0 Pearson Center','199 Stone Corner Point','Orlando','3','Florida','14392',37677,568,'2022-05-01','2022-01-30'),('511','44216 Boyd Place','6727 Jana Plaza','Oklahoma City','3','Oklahoma','11471',70618,492,'2022-03-28','2022-07-06'),('512','34 Raven Terrace','86415 Mccormick Point','Gatesville','3','Texas','15551',97209,458,'2021-10-22','2021-09-28'),('513','6549 Hooker Drive','848 Moland Trail','Minneapolis','3','Minnesota','13724',65231,539,'2021-09-28','2021-11-16'),('514','074 Swallow Center','8 Rigney Crossing','New York City','2','New York','11601',38002,293,'2021-12-17','2022-03-21'),('515','9 Luster Alley','59720 Randy Parkway','Des Moines','1','Iowa','11529',25697,86,'2022-06-03','2022-04-10'),('516','103 Forest Run Avenue','7 Sutteridge Road','Hialeah','3','Florida','17824',81967,568,'2022-02-03','2022-02-05'),('517','57 Sage Hill','991 Talmadge Avenue','Rockford','2','Illinois','17405',15133,262,'2022-06-06','2022-03-11'),('518','92632 Mesta Crossing','6202 Coleman Terrace','Corpus Christi','1','Texas','17780',25904,91,'2022-02-14','2022-05-21'),('519','2 Starling Point','4709 Morning Lane','Warren','1','Ohio','12692',47713,98,'2021-12-04','2021-12-11'),('52','695 Laurel Pass','39 Sycamore Point','Wichita Falls','3','Texas','18688',19531,458,'2021-09-10','2022-08-10'),('520','1 Caliangt Hill','91 Briar Crest Terrace','Honolulu','3','Hawaii','13812',84799,613,'2022-03-04','2022-04-30'),('521','217 Dayton Terrace','02422 South Street','Miami','1','Florida','17714',46180,113,'2022-01-14','2022-02-01'),('522','17 Starling Place','261 Cambridge Pass','Cape Coral','2','Florida','15589',3872,290,'2021-11-04','2022-04-02'),('523','571 Derek Circle','67240 Atwood Alley','Arlington','2','Virginia','11553',99612,230,'2022-01-22','2022-02-01'),('524','77073 Artisan Junction','7 Bultman Alley','West Palm Beach','2','Florida','10037',51046,284,'2022-05-14','2021-09-22'),('525','57 Esch Avenue','140 Boyd Alley','Sioux City','1','Iowa','13739',71062,86,'2022-01-02','2021-11-28'),('526','4 Goodland Alley','8390 Rieder Trail','Dallas','2','Texas','15315',90165,229,'2022-01-20','2021-09-17'),('527','4 Elmside Point','011 Holy Cross Road','New York City','2','New York','13638',53268,293,'2022-06-04','2022-02-25'),('528','5 Eastlawn Terrace','9 Shopko Point','Austin','1','Texas','16287',8358,93,'2022-04-07','2021-11-13'),('529','7546 Oakridge Crossing','215 Heath Terrace','Billings','1','Montana','11376',87688,103,'2022-08-19','2021-10-13'),('53','429 Mariners Cove Street','131 Waxwing Street','Lubbock','2','Texas','10224',53461,229,'2022-03-24','2021-09-02'),('530','1187 Village Court','271 Mallory Drive','Pasadena','1','California','15277',86851,104,'2022-03-28','2022-04-10'),('531','796 Raven Park','52 Schmedeman Hill','Philadelphia','1','Pennsylvania','12552',15799,90,'2021-12-27','2022-03-17'),('532','1 Arizona Alley','81942 Fairfield Trail','Lawrenceville','3','Georgia','17824',98498,445,'2022-02-17','2021-12-06'),('533','574 3rd Junction','4558 Toban Point','Schenectady','2','New York','12294',7500,299,'2022-08-14','2022-06-27'),('534','0616 Clarendon Road','984 Roth Lane','Washington','3','District of Columbia','12874',65818,486,'2022-03-02','2021-10-13'),('535','7669 Towne Point','6 1st Avenue','Decatur','1','Georgia','11663',61750,89,'2022-03-06','2022-06-06'),('536','0067 Northport Road','2858 Harper Circle','Springfield','2','Missouri','14979',90352,216,'2021-09-25','2022-08-17'),('537','728 Center Terrace','53379 Meadow Valley Hill','Greensboro','3','North Carolina','13580',71786,569,'2021-10-20','2022-02-21'),('538','7510 Kinsman Plaza','3 Gateway Place','Fort Myers','3','Florida','15650',64610,568,'2021-10-07','2021-09-09'),('539','06 Schlimgen Way','6615 Pine View Alley','Washington','1','District of Columbia','17325',66708,98,'2021-11-02','2021-10-14'),('54','381 Prairieview Point','0828 Vernon Street','Rochester','1','New York','16747',34680,117,'2022-05-07','2022-07-18'),('540','97 Boyd Park','965 Steensland Drive','Dallas','3','Texas','16745',54510,458,'2022-05-19','2022-03-10'),('541','9 Saint Paul Avenue','7669 Tony Pass','Santa Fe','3','New Mexico','12901',50702,561,'2022-03-15','2021-10-31'),('542','840 Knutson Plaza','5266 Sutteridge Trail','Nashville','2','Tennessee','17388',57518,288,'2022-02-17','2022-04-30'),('543','3 Farragut Plaza','7877 Tennyson Point','Wilmington','3','North Carolina','12174',18924,569,'2022-05-12','2022-05-20'),('544','76 Novick Parkway','530 Sutherland Pass','Houston','2','Texas','15235',15669,229,'2022-04-09','2022-06-08'),('545','00 South Pass','042 Spenser Court','Las Vegas','2','Nevada','10117',92059,226,'2022-06-24','2022-04-15'),('546','35564 Thompson Pass','0 Ridge Oak Road','Houston','2','Texas','12591',12842,229,'2022-03-18','2021-09-26'),('547','468 Dovetail Avenue','2753 Norway Maple Hill','Annapolis','2','Maryland','11485',11626,184,'2022-05-23','2021-09-05'),('548','9 Fisk Lane','4037 Ryan Plaza','Tampa','3','Florida','18951',57180,568,'2022-02-19','2022-02-02'),('549','2015 Debra Trail','53 Norway Maple Trail','New Orleans','1','Louisiana','13505',20646,101,'2021-12-23','2022-02-24'),('55','7 Hoard Plaza','232 Debra Court','Vancouver','2','Washington','15948',25112,251,'2022-08-11','2022-08-17'),('550','4 Banding Point','2072 Claremont Avenue','Davenport','3','Iowa','17823',62333,428,'2022-06-07','2022-06-18'),('551','44518 Tennessee Junction','380 Karstens Crossing','Durham','1','North Carolina','11805',16465,113,'2021-12-21','2021-10-20'),('552','5171 Debs Avenue','712 Loeprich Court','San Jose','3','California','19843',71814,519,'2021-09-04','2021-09-22'),('553','11236 Porter Junction','6198 Thackeray Drive','Sacramento','1','California','13203',27092,104,'2021-11-18','2022-03-04'),('554','11 Mallard Parkway','52437 Cordelia Drive','Springfield','1','Missouri','16330',14251,86,'2022-08-06','2021-11-19'),('555','760 Luster Alley','1419 Blaine Plaza','Temple','3','Texas','17361',48867,458,'2021-08-25','2022-02-12'),('556','738 Rusk Junction','31 7th Avenue','Arlington','3','Virginia','17125',91557,460,'2022-03-05','2022-06-04'),('557','85751 Corscot Plaza','30 Valley Edge Pass','Oxnard','1','California','12053',84771,104,'2022-04-13','2022-04-15'),('558','32 Ilene Way','8940 Helena Avenue','Denver','3','Colorado','10580',67623,546,'2021-08-28','2022-07-28'),('559','31 Dexter Crossing','08 John Wall Circle','Topeka','2','Kansas','12899',65987,265,'2021-10-02','2021-10-02'),('56','7 Burrows Crossing','24 Forster Lane','Lehigh Acres','2','Florida','12657',24944,284,'2022-01-31','2021-10-02'),('560','2859 Susan Way','8 Carey Drive','New York City','2','New York','12921',90597,293,'2021-11-27','2022-08-05'),('561','22898 Colorado Crossing','440 Texas Center','Tulsa','1','Oklahoma','13438',20153,99,'2022-03-20','2022-05-23'),('562','739 Eagle Crest Park','61119 Union Drive','Daytona Beach','2','Florida','13991',99354,284,'2022-06-15','2021-11-01'),('563','1941 Dexter Center','5 Spenser Road','Roanoke','3','Virginia','12802',74601,460,'2022-05-03','2022-06-10'),('564','8831 Reindahl Alley','232 Brickson Park Terrace','Charleston','3','West Virginia','16874',98117,679,'2021-09-04','2022-04-07'),('565','6 Onsgard Way','7181 Jackson Avenue','Salt Lake City','1','Utah','15404',24210,110,'2022-04-18','2022-06-09'),('566','66 Mccormick Junction','7 Jenna Circle','Las Vegas','1','Nevada','13890',41885,90,'2022-01-25','2021-09-02'),('567','5720 Mosinee Junction','35090 Sugar Hill','Pueblo','1','Colorado','14471',49089,109,'2022-05-28','2021-09-16'),('568','4814 Ramsey Circle','96017 Village Green Junction','El Paso','3','Texas','17091',97297,458,'2022-04-25','2021-11-14'),('569','8 Nevada Avenue','43 Dryden Street','Fort Wayne','3','Indiana','11264',43887,483,'2022-07-29','2021-11-22'),('57','31 Paget Place','67834 Magdeline Road','Tampa','3','Florida','12598',89682,568,'2022-01-22','2022-02-25'),('570','70740 Bay Hill','5 Northwestern Drive','Washington','2','District of Columbia','10093',55812,243,'2022-04-26','2022-06-20'),('571','62 Blackbird Way','52 Birchwood Way','Roanoke','1','Virginia','15316',51902,92,'2021-12-12','2022-02-10'),('572','5989 Warrior Crossing','66488 Grover Pass','Clearwater','1','Florida','13201',59653,113,'2022-04-12','2021-11-23'),('573','40 Johnson Avenue','41914 Logan Alley','Indianapolis','2','Indiana','19873',8135,246,'2021-10-04','2022-04-27'),('574','3 Bunker Hill Drive','2 Carpenter Street','Warren','1','Ohio','12375',6270,100,'2022-06-19','2021-12-06'),('575','31827 Sunfield Point','167 Hauk Parkway','Lansing','1','Michigan','17596',88355,104,'2021-12-17','2022-04-16'),('576','616 Tennyson Drive','55 Grasskamp Street','Los Angeles','2','California','11981',82442,259,'2022-03-09','2021-11-22'),('577','60 Village Lane','52693 Oriole Parkway','Colorado Springs','1','Colorado','16923',81549,109,'2022-05-16','2022-08-19'),('578','774 Anniversary Way','15589 Tomscot Avenue','Little Rock','3','Arkansas','12224',54479,504,'2022-04-27','2022-05-07'),('579','20 Havey Center','08206 1st Drive','Flint','2','Michigan','14077',69811,260,'2021-09-04','2022-05-06'),('58','88936 Kinsman Center','84186 Manufacturers Drive','Bryan','3','Texas','15516',6763,467,'2022-01-10','2022-01-14'),('580','7497 Stone Corner Street','4131 Fairview Terrace','Amarillo','1','Texas','15955',30786,91,'2022-01-14','2022-05-31'),('581','87964 Harper Avenue','64 Hayes Way','Anchorage','3','Alaska','13837',72268,876,'2022-08-01','2022-01-13'),('582','3 Shopko Alley','41885 Gulseth Road','Reno','1','Nevada','19704',15639,90,'2021-09-04','2022-01-28'),('583','50187 Novick Court','0 Doe Crossing Hill','Baltimore','1','Maryland','15883',4161,75,'2022-01-31','2022-05-29'),('584','6968 Gale Parkway','3 Lawn Alley','Phoenix','3','Arizona','15522',37117,533,'2022-02-25','2022-07-07'),('585','7177 Bayside Junction','168 Westport Parkway','El Paso','1','Texas','10041',77873,91,'2022-07-01','2022-02-13'),('586','93799 Jenifer Drive','16 Pond Trail','Hot Springs National Park','2','Arkansas','18879',34899,252,'2022-03-19','2022-03-16'),('587','18403 Bobwhite Pass','75 Calypso Parkway','Los Angeles','3','California','15034',34076,519,'2022-03-06','2022-05-23'),('588','68 Hintze Hill','11 Kensington Street','Bethlehem','2','Pennsylvania','15711',52394,225,'2021-11-18','2022-01-31'),('589','5 Starling Hill','02557 Chive Junction','Tacoma','2','Washington','16324',25905,251,'2022-05-16','2022-06-07'),('59','517 High Crossing Lane','5342 Spohn Street','Winston Salem','2','North Carolina','16639',14581,285,'2021-12-29','2022-01-02'),('590','4 Chinook Place','44 Haas Pass','Charleston','3','West Virginia','15647',5464,694,'2022-08-14','2022-03-16'),('591','3748 Namekagon Point','722 Eagle Crest Parkway','Los Angeles','3','California','10262',98184,519,'2022-07-15','2022-07-29'),('592','3173 Jenifer Circle','90022 Stoughton Road','Fort Worth','1','Texas','19776',77673,91,'2022-07-12','2022-02-21'),('593','705 Fisk Terrace','979 Kedzie Crossing','Lexington','2','Kentucky','17022',543,354,'2022-03-17','2021-08-20'),('594','64208 Dottie Drive','47525 Coleman Junction','Corpus Christi','3','Texas','16456',35395,458,'2021-12-07','2022-07-23'),('595','542 North Trail','20263 Lindbergh Parkway','Milwaukee','3','Wisconsin','10381',34174,580,'2021-08-20','2021-12-27'),('596','36036 Basil Terrace','5 Oneill Alley','Huntington','1','West Virginia','10414',89918,136,'2022-05-15','2021-11-23'),('597','4 Johnson Street','6 Anthes Pass','Aurora','1','Colorado','19370',52452,109,'2022-07-24','2022-01-09'),('598','40 Duke Parkway','38086 Barby Pass','Jackson','2','Mississippi','18839',71200,259,'2022-05-29','2022-04-26'),('599','7548 Moulton Park','87 Golf View Junction','Los Angeles','1','California','18818',18240,104,'2021-09-22','2022-04-07'),('6','2384 Saint Paul Alley','100 Wayridge Center','Columbus','3','Ohio','15479',79535,488,'2021-12-06','2021-12-08'),('60','26053 Calypso Drive','123 Manufacturers Court','Saint Paul','1','Minnesota','13301',50117,108,'2021-08-21','2022-08-08'),('600','8 Stephen Place','4 Blackbird Plaza','Irvine','3','California','13560',80826,519,'2022-06-22','2021-12-23'),('601','51 Reindahl Avenue','837 Lerdahl Terrace','San Francisco','2','California','13049',11096,259,'2021-08-26','2021-09-16'),('602','0453 Old Shore Court','7 Randy Way','Harrisburg','2','Pennsylvania','12770',48032,225,'2022-01-24','2022-02-17'),('603','157 Quincy Hill','3153 Stang Plaza','Burbank','1','California','16127',44882,104,'2021-09-02','2022-03-04'),('604','83 Sullivan Plaza','27 Butternut Court','Fort Worth','2','Texas','10459',7102,234,'2021-11-11','2022-07-03'),('605','0 Pepper Wood Road','730 Fair Oaks Drive','San Francisco','3','California','17293',4294,530,'2022-04-18','2021-12-14'),('606','23045 Fairview Court','259 Debra Avenue','Albany','2','New York','12739',77309,293,'2021-10-17','2022-02-12'),('607','508 Arizona Avenue','839 Manufacturers Avenue','Burbank','3','California','12768',7895,530,'2022-01-06','2022-07-27'),('608','33 Badeau Parkway','18 Eggendart Crossing','Honolulu','3','Hawaii','16981',36512,613,'2022-04-16','2022-05-02'),('609','81 Luster Place','3060 Kinsman Point','Kingsport','2','Tennessee','15008',91491,288,'2022-03-25','2022-06-11'),('61','2 Packers Drive','0904 Lawn Crossing','Denver','1','Colorado','18141',93293,109,'2021-11-08','2022-05-19'),('610','0335 Talisman Way','80342 Blue Bill Park Crossing','Colorado Springs','2','Colorado','16029',57550,272,'2022-03-05','2021-08-24'),('611','3 Lunder Road','74145 Montana Terrace','Des Moines','1','Iowa','15335',58057,86,'2022-08-04','2021-10-23'),('612','56224 Drewry Avenue','12240 Westport Plaza','Pensacola','2','Florida','12773',36517,284,'2022-06-25','2022-04-13'),('613','165 Jackson Crossing','78 Dakota Center','Tacoma','3','Washington','18024',81993,502,'2022-05-02','2022-01-13'),('614','5218 Parkside Lane','57582 Arizona Crossing','Fort Worth','2','Texas','19633',42669,229,'2022-08-05','2022-07-16'),('615','68389 Green Place','577 Fremont Place','Santa Monica','3','California','14865',33456,519,'2021-10-04','2021-09-27'),('616','99 Summerview Place','65458 Towne Road','Troy','1','Michigan','16235',89533,104,'2021-10-28','2022-05-10'),('617','26 Surrey Street','1574 Macpherson Street','Charlotte','2','North Carolina','19709',99095,285,'2022-01-25','2022-06-09'),('618','0441 Iowa Road','16723 American Ash Circle','Washington','2','District of Columbia','18874',7727,248,'2022-03-25','2021-12-10'),('619','983 Golf View Hill','0 Susan Alley','Lancaster','1','California','14081',46212,104,'2021-09-26','2021-09-08'),('62','65102 Bellgrove Avenue','222 Carberry Center','Omaha','3','Nebraska','19848',98258,458,'2021-08-20','2021-11-18'),('620','742 Sundown Circle','46 Eagan Hill','Fort Worth','3','Texas','16961',83101,458,'2021-11-06','2022-07-14'),('621','0 Garrison Way','9681 Glendale Park','Suffolk','3','Virginia','15385',43759,460,'2022-08-02','2021-08-22'),('622','45 Straubel Pass','83 Arapahoe Terrace','Houston','3','Texas','14548',7165,467,'2021-10-17','2022-03-20'),('623','403 Maryland Park','17102 Jenifer Court','Anchorage','3','Alaska','14517',73419,876,'2022-05-14','2022-01-09'),('624','433 Eliot Avenue','0 Old Shore Avenue','Rochester','1','New York','11041',52899,117,'2021-11-21','2021-11-16'),('625','656 Center Road','47 Tennessee Lane','Athens','3','Georgia','17037',44318,445,'2022-06-24','2021-09-11'),('626','81181 Oriole Parkway','2 Arkansas Way','Erie','2','Pennsylvania','16701',66283,225,'2022-05-21','2021-08-25'),('627','55 Macpherson Place','81146 Schurz Point','Aurora','3','Colorado','12013',22108,546,'2021-09-22','2022-05-16'),('628','683 Cherokee Crossing','57 Carioca Way','Missoula','1','Montana','12859',10162,103,'2021-09-25','2022-04-11'),('629','23 Center Court','046 Artisan Alley','Corpus Christi','3','Texas','13587',43605,458,'2022-06-26','2021-12-25'),('63','897 4th Crossing','08316 Kinsman Trail','Austin','3','Texas','11604',80460,458,'2022-06-08','2021-09-24'),('630','1 Cascade Circle','32 Green Lane','Baltimore','1','Maryland','15208',46962,73,'2022-02-18','2022-05-24'),('631','1 Armistice Way','434 Merry Trail','Harrisburg','2','Pennsylvania','15497',35029,225,'2021-12-13','2022-05-01'),('632','7 Kropf Junction','75070 Crescent Oaks Plaza','Pompano Beach','1','Florida','12413',24319,113,'2022-02-09','2022-02-24'),('633','2 Schlimgen Parkway','8 Mandrake Street','Atlanta','3','Georgia','17339',25367,445,'2021-10-15','2022-01-12'),('634','8 Holy Cross Trail','537 Vernon Crossing','Gary','1','Indiana','12333',81700,97,'2022-07-25','2022-01-31'),('635','42812 Myrtle Pass','0 Walton Junction','Huntington','2','West Virginia','17995',83281,339,'2022-01-23','2021-09-16'),('636','1 Sundown Hill','97426 Arizona Trail','Boston','2','Massachusetts','13000',38108,280,'2022-03-30','2022-05-28'),('637','1570 Mitchell Crossing','8 Sommers Place','Tallahassee','1','Florida','17931',82979,113,'2022-07-22','2021-12-10'),('638','824 Ramsey Park','365 Butternut Plaza','Troy','2','Michigan','14173',77604,260,'2021-09-26','2022-03-13'),('639','79 Sunfield Circle','494 Larry Place','Indianapolis','2','Indiana','14830',67166,241,'2021-08-28','2022-03-15'),('64','5937 Rockefeller Terrace','4761 Scofield Crossing','Raleigh','1','North Carolina','18073',2361,116,'2021-10-17','2021-10-25'),('640','4953 Gale Road','8272 Mockingbird Terrace','Pittsburgh','1','Pennsylvania','13135',82257,90,'2022-07-19','2022-06-12'),('641','64 Autumn Leaf Park','375 Tennyson Plaza','Louisville','2','Kentucky','14146',84513,339,'2022-02-24','2021-11-05'),('642','97 Erie Point','90358 Jenna Parkway','Saint Paul','1','Minnesota','19435',3575,110,'2022-02-24','2021-12-23'),('643','04 Leroy Road','1779 American Lane','Aurora','2','Illinois','15826',50930,262,'2021-11-28','2022-05-21'),('644','557 Elmside Lane','72890 Heffernan Point','Kingsport','2','Tennessee','19549',53040,288,'2022-02-01','2022-07-15'),('645','8144 Moulton Street','18 Crowley Pass','Fort Worth','1','Texas','15274',10318,91,'2022-04-03','2022-05-05'),('646','081 Northridge Street','3033 7th Pass','Washington','2','District of Columbia','14605',21038,243,'2021-09-12','2022-03-02'),('647','8827 Anhalt Trail','0201 Upham Plaza','Santa Rosa','3','California','16620',86083,519,'2021-10-09','2021-10-19'),('648','4352 Commercial Place','2 Butternut Plaza','Alexandria','1','Virginia','15629',91403,92,'2021-09-16','2022-01-28'),('649','57 Logan Plaza','1 Burrows Alley','Cleveland','1','Ohio','12175',43828,98,'2021-10-20','2022-05-30'),('65','5039 Rockefeller Alley','2 Pennsylvania Alley','Spokane','1','Washington','19293',42486,100,'2022-06-22','2021-12-05'),('650','40 Holmberg Court','2941 Starling Place','Springfield','3','Massachusetts','11270',83568,559,'2022-01-03','2021-12-29'),('651','9 Jay Drive','20 Artisan Lane','Sacramento','1','California','13113',30899,104,'2021-08-30','2022-01-08'),('652','491 Mockingbird Way','5 Kenwood Alley','Clearwater','3','Florida','14363',55233,568,'2022-02-21','2022-04-03'),('653','89053 Forster Point','3 Harper Way','Montgomery','3','Alabama','16973',80730,512,'2021-08-30','2021-10-15'),('654','9 Division Court','36 Bartillon Trail','Syracuse','1','New York','15483',75700,117,'2021-09-23','2021-11-22'),('655','9 Macpherson Trail','60152 Southridge Circle','Oklahoma City','3','Oklahoma','19126',60624,492,'2021-08-26','2021-10-24'),('656','9431 Grayhawk Point','0923 Westerfield Crossing','Memphis','1','Tennessee','11339',55272,115,'2022-01-02','2022-08-15'),('657','57063 Lunder Crossing','1494 Aberg Parkway','Las Vegas','3','Nevada','11930',79653,452,'2021-12-16','2022-01-25'),('658','394 Dovetail Lane','9882 Laurel Drive','Salt Lake City','2','Utah','11410',91128,275,'2022-01-05','2022-02-04'),('659','9 Bellgrove Center','2718 Loomis Court','Mc Keesport','1','Pennsylvania','16239',90711,90,'2022-06-06','2022-03-02'),('66','545 Saint Paul Park','542 Stang Place','Albany','2','New York','18917',42729,293,'2022-06-20','2022-03-02'),('660','18208 Kropf Hill','5527 East Court','Washington','3','District of Columbia','12973',82840,486,'2022-05-20','2022-06-16'),('661','67 Merry Circle','55871 Mayer Pass','Columbus','2','Georgia','19520',78920,223,'2022-08-19','2022-07-22'),('662','134 New Castle Crossing','43183 Glacier Hill Pass','Lexington','1','Kentucky','10856',73982,136,'2022-07-01','2022-05-05'),('663','9 Sugar Parkway','4 Stuart Crossing','Oklahoma City','1','Oklahoma','14264',23533,99,'2021-10-11','2022-04-28'),('664','7 Pawling Center','71687 Fordem Avenue','Phoenix','1','Arizona','12853',22276,107,'2021-10-14','2022-02-13'),('665','93968 Kim Terrace','09760 Rieder Drive','Humble','1','Texas','12458',16142,91,'2022-06-20','2021-12-27'),('666','272 Ridge Oak Terrace','74 Memorial Pass','Saint Petersburg','3','Florida','12889',47473,568,'2021-10-01','2022-07-14'),('667','33614 Texas Way','927 Twin Pines Circle','New York City','2','New York','15637',2899,299,'2022-01-28','2022-05-09'),('668','2 Surrey Drive','611 Melody Road','Seattle','3','Washington','17474',73132,502,'2021-10-21','2022-06-30'),('669','838 Cambridge Way','5222 Sugar Point','Beaumont','3','Texas','10967',44857,458,'2021-09-14','2022-07-06'),('67','31 Nevada Alley','5595 Novick Pass','Hartford','1','Connecticut','18361',44892,86,'2022-01-07','2021-11-27'),('670','1 Moose Parkway','2 Spohn Junction','Memphis','1','Tennessee','12751',32509,115,'2021-11-13','2021-09-22'),('671','02058 Lakewood Gardens Center','22196 Mosinee Road','Fort Worth','2','Texas','19618',89535,229,'2022-03-30','2021-09-28'),('672','4 Spaight Pass','8 Dixon Alley','Albany','2','New York','18730',76456,293,'2021-11-22','2021-09-28'),('673','1179 Parkside Alley','87407 Carey Plaza','Augusta','1','Georgia','10801',38570,89,'2022-05-03','2022-04-08'),('674','79 Straubel Way','5293 Lake View Center','Arvada','3','Colorado','13361',75127,546,'2022-08-17','2021-10-15'),('675','5466 Quincy Court','6 Marcy Hill','Fort Smith','2','Arkansas','13835',49850,252,'2022-06-28','2021-09-07'),('676','95 Manitowish Drive','733 Declaration Lane','Indianapolis','2','Indiana','18672',59742,241,'2021-11-28','2021-12-20'),('677','6905 Fairview Lane','39 Banding Lane','Cleveland','1','Ohio','16074',39270,98,'2022-04-22','2022-03-21'),('678','976 Clemons Way','1 American Junction','Metairie','3','Louisiana','13861',84620,509,'2022-04-16','2022-03-20'),('679','3046 Di Loreto Junction','1 Oxford Alley','Richmond','3','Virginia','12453',85552,460,'2022-04-04','2022-04-01'),('68','7837 Surrey Plaza','072 Buena Vista Plaza','Aiken','3','South Carolina','13252',40599,583,'2022-04-20','2022-02-10'),('680','5665 Norway Maple Park','957 Thompson Center','Modesto','1','California','17534',93596,104,'2022-01-05','2022-06-06'),('681','4133 Lawn Lane','300 Elmside Circle','Miami','1','Florida','12600',32724,113,'2022-07-09','2022-05-29'),('682','15477 Talmadge Center','51 Crownhardt Circle','Washington','2','District of Columbia','17710',25646,243,'2022-06-15','2022-06-14'),('683','852 Charing Cross Lane','9 Dawn Alley','South Lake Tahoe','2','California','18759',46894,259,'2022-06-10','2021-10-31'),('684','67 Moose Lane','30 Hoepker Center','Fort Worth','3','Texas','17324',19923,458,'2022-08-13','2022-07-26'),('685','1 Hoffman Crossing','690 Ilene Street','Birmingham','2','Alabama','11542',41416,256,'2022-06-22','2022-06-24'),('686','18051 Bartillon Place','2 Cascade Circle','Washington','1','District of Columbia','19916',48913,98,'2022-04-14','2022-03-04'),('687','9705 Atwood Way','1 Colorado Park','Montgomery','3','Alabama','19331',99957,512,'2022-01-14','2022-01-30'),('688','85 Monument Alley','1 Trailsway Crossing','Spring','2','Texas','16659',74203,229,'2021-10-02','2022-07-06'),('689','35 Aberg Lane','8 Fairview Plaza','San Jose','2','California','12500',22961,259,'2022-05-28','2021-12-07'),('69','4 Blaine Parkway','19 Shasta Way','Monticello','2','Minnesota','11698',31276,270,'2021-09-16','2021-12-30'),('690','516 Mallard Pass','1676 Novick Hill','El Paso','2','Texas','11820',95405,229,'2022-05-20','2022-04-10'),('691','3314 Buhler Park','76 Cordelia Lane','Provo','2','Utah','17051',34634,275,'2021-12-05','2022-05-12'),('692','2300 Lukken Alley','5 Mitchell Road','Brooklyn','3','New York','19403',24059,586,'2022-01-01','2022-01-02'),('693','836 Fallview Park','5003 Hudson Park','New York City','2','New York','19774',90722,293,'2022-03-11','2022-08-16'),('694','5 Mandrake Park','010 Declaration Terrace','Los Angeles','1','California','13988',69959,104,'2022-03-07','2022-05-20'),('695','52971 Arrowood Trail','0 Monument Street','New Brunswick','3','New Jersey','16846',70906,547,'2022-04-12','2022-06-16'),('696','22 Forest Run Center','867 South Parkway','Cleveland','2','Ohio','15090',23132,244,'2021-09-10','2022-04-25'),('697','82 Sloan Crossing','93941 Stone Corner Trail','Richmond','1','Virginia','15946',66683,92,'2021-08-27','2022-03-21'),('698','99490 International Parkway','516 Holy Cross Alley','Canton','1','Ohio','19342',66666,98,'2022-07-31','2022-02-07'),('699','91450 Shasta Avenue','6 Hagan Alley','Pensacola','1','Florida','15590',81002,113,'2022-04-26','2021-08-21'),('7','37 Troy Point','38 Green Ridge Center','Oakland','2','California','14257',45896,259,'2022-06-10','2021-09-16'),('70','30 Atwood Avenue','523 Northview Hill','Colorado Springs','2','Colorado','12501',62536,272,'2021-09-29','2022-02-12'),('700','84 Muir Road','5 Hintze Drive','Trenton','1','New Jersey','17778',54144,110,'2021-11-02','2022-08-03'),('701','311 Maryland Trail','96585 Forest Run Avenue','Beaverton','1','Oregon','10444',21076,90,'2021-11-20','2021-09-09'),('702','425 Thierer Hill','458 Golf Point','Lubbock','1','Texas','11252',16467,91,'2022-05-22','2021-10-09'),('703','3655 Debra Trail','6 Talisman Pass','Canton','3','Ohio','17070',31104,488,'2021-09-11','2022-01-23'),('704','43568 Kingsford Junction','5 David Lane','North Little Rock','1','Arkansas','14385',86659,100,'2022-07-25','2021-10-20'),('705','54 Anzinger Lane','728 Division Trail','Corpus Christi','1','Texas','18658',10847,91,'2022-08-16','2022-01-19'),('706','64381 Stone Corner Crossing','4 Stang Road','Fresno','2','California','10288',86612,259,'2021-12-09','2021-11-01'),('707','90283 Manley Point','4133 Clove Road','Chicago','3','Illinois','15713',71568,525,'2022-04-12','2022-06-16'),('708','68618 Cordelia Road','367 Brown Plaza','New Haven','1','Connecticut','13358',29835,86,'2022-05-06','2022-03-28'),('709','7763 Elmside Circle','7 Kedzie Pass','Atlanta','3','Georgia','11668',71411,445,'2021-12-03','2022-02-18'),('71','872 Londonderry Alley','1160 Jay Place','Spring Hill','3','Florida','16229',32083,568,'2022-01-03','2022-04-08'),('710','9955 Dayton Trail','3 Briar Crest Court','Dayton','2','Ohio','15929',23687,244,'2021-10-16','2021-09-14'),('711','5 Pawling Terrace','672 Boyd Alley','Sioux Falls','3','South Dakota','10955',37247,441,'2021-11-06','2022-04-16'),('712','37284 Emmet Park','79 Cody Place','Gastonia','2','North Carolina','11944',57686,285,'2022-04-15','2022-04-14'),('713','0818 Blue Bill Park Road','9 Gerald Plaza','Riverside','2','California','14505',80233,259,'2022-05-27','2021-10-13'),('714','32760 Pierstorff Trail','9453 Pawling Place','Cincinnati','2','Ohio','13141',3408,249,'2021-10-18','2022-06-24'),('715','32 Muir Park','412 Prentice Center','Indianapolis','1','Indiana','11636',4882,99,'2022-04-22','2021-12-28'),('716','33515 Graceland Place','333 Schmedeman Avenue','Utica','2','New York','15084',93379,293,'2022-08-17','2022-06-13'),('717','00 Chinook Pass','8 Lakewood Gardens Center','Grand Rapids','3','Michigan','18550',49257,521,'2022-04-21','2021-09-09'),('718','16 Rieder Street','44 Sunfield Lane','East Saint Louis','2','Illinois','13322',37699,262,'2021-10-22','2022-05-19'),('719','6 Sunfield Trail','8828 Hudson Drive','El Paso','3','Texas','12998',64656,458,'2022-05-26','2022-07-27'),('72','61 Sachs Parkway','1296 Waywood Terrace','New York City','1','New York','14858',98128,117,'2021-12-19','2022-05-08'),('720','2 Comanche Crossing','9184 Montana Terrace','Chicago','2','Illinois','15595',9101,268,'2021-11-24','2022-07-22'),('721','30 Transport Way','154 Rusk Court','Washington','1','District of Columbia','14827',42185,98,'2022-03-04','2022-07-05'),('722','7940 Carberry Road','55179 Donald Point','Bloomington','2','Illinois','10040',66317,262,'2021-10-14','2022-02-26'),('723','721 Briar Crest Circle','9572 Waubesa Way','Kalamazoo','2','Michigan','16095',2193,266,'2022-06-28','2022-07-16'),('724','2 Banding Alley','7 Northridge Street','Phoenix','1','Arizona','17252',77180,107,'2021-10-04','2021-10-31'),('725','526 Delaware Hill','9373 Superior Pass','Albany','2','New York','17289',64001,293,'2022-06-19','2022-06-20'),('726','7738 School Parkway','04928 8th Place','Austin','2','Texas','12975',96051,229,'2021-10-04','2021-08-30'),('727','7059 Bultman Park','57446 Dunning Place','Waco','2','Texas','10294',56410,229,'2022-07-11','2021-09-21'),('728','203 Forest Trail','31 Orin Road','Fresno','2','California','18674',8056,265,'2022-07-16','2021-09-18'),('729','958 Cottonwood Terrace','7475 Superior Lane','Norcross','3','Georgia','11167',29129,445,'2021-10-24','2022-04-25'),('73','1 Golf View Way','758 Jenna Junction','Frederick','3','Maryland','13788',9437,376,'2021-10-27','2021-09-20'),('730','7887 Schiller Center','853 Glacier Hill Crossing','Lexington','2','Kentucky','15236',80882,339,'2022-01-16','2022-07-16'),('731','80 Bashford Point','9035 Knutson Circle','Dallas','3','Texas','15600',64855,458,'2022-02-25','2022-07-04'),('732','44 Jackson Pass','570 Norway Maple Point','Missoula','2','Montana','16668',17033,258,'2022-03-25','2022-08-01'),('733','627 Dawn Road','6704 Toban Alley','Dayton','3','Ohio','17724',39835,488,'2021-11-03','2021-09-26'),('734','269 Birchwood Center','07 Sutteridge Point','Oceanside','1','California','19931',56806,104,'2022-01-14','2022-07-24'),('735','94025 Loomis Terrace','4580 Bellgrove Street','Salt Lake City','2','Utah','15723',42740,275,'2021-12-25','2022-05-29'),('736','181 Leroy Road','4144 Mccormick Point','Washington','1','District of Columbia','14052',2241,100,'2022-05-10','2021-12-08'),('737','58122 Bluestem Parkway','30641 Parkside Center','Durham','2','North Carolina','11898',87337,285,'2022-01-27','2022-01-07'),('738','26224 7th Avenue','1260 Schiller Center','Las Vegas','2','Nevada','11380',34115,226,'2021-12-17','2022-03-07'),('739','921 Arizona Way','49228 Grover Parkway','Young America','1','Minnesota','11981',12771,108,'2022-01-05','2022-03-15'),('74','0523 Pennsylvania Alley','66 Cordelia Hill','Birmingham','1','Alabama','19067',54689,102,'2022-07-09','2022-01-15'),('740','90105 Talmadge Parkway','86 Bunting Way','Savannah','1','Georgia','19456',55602,89,'2021-10-29','2022-01-23'),('741','9594 Elgar Court','726 High Crossing Circle','Dallas','2','Texas','16140',508,239,'2022-02-18','2022-02-20'),('742','69615 Cottonwood Plaza','337 Caliangt Parkway','Charlotte','1','North Carolina','12984',7050,116,'2022-04-05','2021-10-11'),('743','562 Ridge Oak Pass','74836 Veith Point','Montgomery','1','Alabama','16792',54312,102,'2021-12-22','2022-08-13'),('744','21 Main Place','556 Waxwing Court','Orlando','1','Florida','19735',99118,113,'2021-09-04','2022-08-12'),('745','916 Kenwood Avenue','1301 Hollow Ridge Circle','Pittsburgh','3','Pennsylvania','19546',71878,450,'2021-11-03','2022-04-28'),('746','1766 Gateway Lane','15 Schmedeman Pass','Farmington','2','Michigan','10980',82402,260,'2022-04-03','2022-03-28'),('747','902 South Drive','06525 Warbler Junction','San Francisco','2','California','16406',28711,259,'2022-01-18','2021-11-25'),('748','47403 Grayhawk Place','882 Kenwood Hill','Fort Lauderdale','2','Florida','17923',72275,284,'2021-09-09','2022-06-15'),('749','5 3rd Terrace','0970 Pawling Hill','Orange','3','California','18939',39026,519,'2021-11-10','2022-08-14'),('75','9 Bunting Lane','0784 Forest Drive','Waterloo','1','Iowa','17253',15116,86,'2021-08-27','2022-05-21'),('750','7385 Hintze Pass','63 Vidon Drive','Albuquerque','2','New Mexico','19490',15049,280,'2022-04-08','2022-06-18'),('751','600 Dahle Point','73961 Karstens Street','Elmira','2','New York','11714',77746,293,'2022-04-26','2022-05-14'),('752','01 Mcguire Avenue','55 Karstens Hill','Milwaukee','3','Wisconsin','10868',81916,580,'2022-07-31','2022-05-11'),('753','378 Loftsgordon Road','12 High Crossing Trail','Pomona','1','California','10181',7681,106,'2022-05-13','2022-08-14'),('754','551 Myrtle Crossing','7 Maryland Parkway','Ventura','2','California','11032',60487,259,'2021-10-14','2022-06-22'),('755','400 Sugar Drive','2 Randy Court','New York City','3','New York','12779',60210,586,'2021-11-19','2022-01-04'),('756','37 Ludington Park','50399 Linden Point','Cincinnati','3','Ohio','11014',25743,488,'2022-02-23','2021-12-19'),('757','934 Glacier Hill Court','171 Shoshone Parkway','New Castle','3','Pennsylvania','11164',97483,450,'2022-06-25','2022-06-08'),('758','64132 Kenwood Road','2 Michigan Court','Sandy','1','Utah','11807',31579,110,'2021-10-13','2021-10-13'),('759','212 Eastwood Parkway','815 Canary Park','El Paso','3','Texas','10711',8739,467,'2021-12-06','2021-10-25'),('76','595 Mockingbird Crossing','0 Atwood Plaza','Buffalo','2','New York','17349',81673,293,'2021-11-18','2022-06-10'),('760','7305 Armistice Road','638 Utah Way','Houston','3','Texas','17329',79129,458,'2022-04-23','2022-01-10'),('761','3 Bunker Hill Terrace','0444 Carey Lane','Spartanburg','1','South Carolina','15540',9261,119,'2022-07-10','2021-11-05'),('762','5005 Sachtjen Drive','1421 Northfield Parkway','Boston','2','Massachusetts','12957',44781,280,'2022-02-24','2022-03-16'),('763','389 Forest Dale Court','32 Southridge Trail','Oakland','2','California','18813',12436,259,'2022-04-09','2021-12-01'),('764','664 Oak Pass','679 Lotheville Circle','Dayton','2','Ohio','12401',91536,244,'2021-10-19','2021-10-17'),('765','01547 Moose Lane','4 Eagan Plaza','Honolulu','1','Hawaii','13808',79739,123,'2022-02-27','2021-11-05'),('766','7221 Havey Plaza','4233 Jenifer Crossing','Portland','2','Oregon','14502',43632,226,'2022-04-08','2021-09-06'),('767','752 Butterfield Parkway','91792 Stone Corner Lane','Phoenix','1','Arizona','17474',42237,107,'2021-12-02','2021-08-31'),('768','52585 Tennyson Center','73 Badeau Center','San Antonio','2','Texas','10949',62213,229,'2022-08-11','2022-07-19'),('769','73467 Hansons Hill','95813 Portage Alley','Alexandria','3','Virginia','13753',76168,460,'2022-06-10','2021-10-07'),('77','4 5th Place','2410 Boyd Lane','San Antonio','1','Texas','10829',28147,91,'2022-05-16','2022-07-03'),('770','35 Susan Hill','02563 Roth Place','Richmond','1','Virginia','17478',33656,92,'2022-02-12','2022-05-11'),('771','246 School Trail','8 Arapahoe Trail','Wilmington','2','North Carolina','12368',71416,285,'2021-10-23','2022-07-02'),('772','674 Maple Wood Circle','6132 Florence Road','Charleston','1','West Virginia','12062',80999,136,'2021-10-02','2021-12-29'),('773','985 Utah Center','062 Artisan Lane','Topeka','3','Kansas','12444',5924,541,'2022-06-24','2021-11-10'),('774','79 Warner Parkway','04906 Dakota Pass','Long Beach','2','California','11395',70771,259,'2022-07-23','2022-05-25'),('775','44083 Rusk Court','2000 Sugar Street','Corpus Christi','3','Texas','10427',26277,458,'2022-03-20','2022-05-16'),('776','4 Tennyson Avenue','633 Anthes Plaza','El Paso','1','Texas','17870',66203,91,'2021-11-06','2021-09-28'),('777','323 Macpherson Alley','325 Forest Dale Trail','Richmond','3','Virginia','14503',7575,470,'2021-08-23','2021-10-15'),('778','1662 Brentwood Parkway','493 Wayridge Road','Sacramento','2','California','11662',71053,259,'2021-09-05','2022-01-22'),('779','80362 Bay Center','74989 Calypso Street','Madison','1','Wisconsin','18501',91917,116,'2022-05-02','2021-11-06'),('78','86 Pearson Road','59036 Pepper Wood Court','Chicago','2','Illinois','18860',75711,262,'2022-01-10','2021-10-11'),('780','6413 Shasta Drive','4721 Forest Run Hill','Wichita','2','Kansas','11743',61653,265,'2022-01-27','2021-11-10'),('781','91 Welch Point','37313 Dennis Lane','Birmingham','2','Alabama','19474',72002,256,'2022-04-06','2022-08-03'),('782','49 Dwight Parkway','16984 Randy Terrace','Bethesda','2','Maryland','14272',87980,184,'2022-07-18','2022-02-17'),('783','84 Straubel Street','85 Butterfield Park','Daytona Beach','1','Florida','11179',20020,113,'2022-06-17','2022-08-12'),('784','78511 Dennis Park','40509 Summit Center','Shawnee Mission','3','Kansas','19750',69458,529,'2022-05-16','2022-08-11'),('785','7097 Sugar Hill','2 Bonner Pass','El Paso','1','Texas','17886',76316,91,'2022-01-27','2022-07-31'),('786','692 Gerald Parkway','7982 Miller Circle','Naperville','2','Illinois','16399',94117,262,'2022-04-24','2022-07-23'),('787','2255 Porter Crossing','84292 Hazelcrest Junction','Van Nuys','1','California','17030',61815,104,'2022-03-26','2022-07-22'),('788','2427 Pond Place','6 Esker Plaza','Hialeah','3','Florida','19954',25328,568,'2022-07-12','2022-04-21'),('789','5 Center Avenue','022 Jenna Street','Houston','3','Texas','18436',21828,458,'2021-09-09','2022-04-02'),('79','6 Holmberg Pass','2096 Northport Avenue','Ashburn','2','Virginia','17828',90367,230,'2021-10-05','2022-03-06'),('790','5 Main Way','232 Brown Hill','San Diego','1','California','17549',11165,104,'2021-08-20','2022-02-05'),('791','323 Victoria Drive','0394 Holy Cross Plaza','Norfolk','2','Virginia','12024',80858,230,'2021-09-05','2021-08-20'),('792','98 Dapin Pass','0478 Bartillon Place','Providence','1','Rhode Island','11009',50106,148,'2021-09-19','2022-08-05'),('793','19 Gateway Terrace','6280 Bluestem Trail','Elmira','2','New York','10058',614,306,'2022-05-19','2021-09-15'),('794','69933 Carpenter Court','0 Pearson Alley','Toledo','2','Ohio','10463',68683,244,'2022-04-19','2022-02-16'),('795','2 Pankratz Place','6 Sloan Place','El Paso','3','Texas','16357',56551,458,'2021-10-25','2022-07-08'),('796','40026 Oriole Point','294 Menomonie Drive','Bryan','2','Texas','18875',13883,229,'2022-01-05','2022-03-21'),('797','025 Commercial Pass','52 Elgar Road','Erie','2','Pennsylvania','14894',27873,225,'2022-06-17','2022-07-04'),('798','92 Meadow Vale Avenue','80 Vera Hill','Hayward','3','California','10388',54203,519,'2021-12-05','2021-09-22'),('799','4 Talmadge Alley','6 Towne Street','Bakersfield','1','California','10198',58143,104,'2021-12-10','2022-03-06'),('8','3397 Caliangt Road','7 Sutherland Point','Columbus','2','Ohio','19164',49728,244,'2022-04-03','2022-05-03'),('80','724 Eastwood Circle','1975 East Alley','Cedar Rapids','2','Iowa','13569',67144,214,'2021-12-07','2022-03-03'),('800','7 Schmedeman Center','6 Clove Alley','Sacramento','1','California','15393',17673,104,'2022-07-20','2021-11-02'),('801','46 Arkansas Way','1539 7th Trail','Washington','1','District of Columbia','14755',11909,98,'2022-03-13','2022-01-04'),('802','3163 Arizona Circle','7252 Oakridge Junction','Austin','2','Texas','12274',9607,234,'2022-03-23','2022-06-24'),('803','47 Caliangt Road','5823 Melrose Drive','Fayetteville','1','North Carolina','12638',42516,113,'2022-05-18','2021-10-18'),('804','50 Waxwing Park','422 Lakeland Plaza','Los Angeles','1','California','13104',8542,106,'2022-04-21','2021-10-06'),('805','739 Comanche Pass','48280 Dryden Trail','Springfield','1','Massachusetts','12443',7551,114,'2022-07-07','2022-06-26'),('806','4 North Alley','3388 Maryland Junction','Toledo','1','Ohio','15165',32839,98,'2022-07-25','2021-11-22'),('807','904 Nobel Trail','34378 Meadow Ridge Alley','Fort Lauderdale','2','Florida','16164',35470,284,'2021-12-17','2021-12-01'),('808','95 Nobel Avenue','1085 Drewry Way','Charlotte','1','North Carolina','12607',14648,113,'2022-04-24','2022-01-03'),('809','742 Evergreen Plaza','422 Mcguire Parkway','Sacramento','2','California','16707',84923,259,'2021-11-10','2022-04-05'),('81','9378 Aberg Place','5 Donald Junction','Charlotte','2','North Carolina','14925',95304,285,'2022-04-05','2021-10-17'),('810','04082 Lakewood Gardens Hill','2684 Buell Road','Charleston','1','West Virginia','10575',83321,136,'2022-03-05','2021-12-27'),('811','121 Alpine Street','29 New Castle Park','Reno','2','Nevada','18521',19389,226,'2021-12-30','2021-12-21'),('812','5684 Corscot Court','8867 Bashford Lane','Jacksonville','2','Florida','16572',51545,284,'2022-07-15','2022-07-08'),('813','8 Golf Hill','93124 Dennis Terrace','Memphis','2','Tennessee','19317',42096,288,'2021-08-26','2022-02-28'),('814','7783 Coleman Crossing','81590 Knutson Hill','Austin','1','Texas','16250',27247,91,'2021-09-18','2021-09-28'),('815','17512 Waxwing Hill','17159 Hoffman Junction','Boston','3','Massachusetts','18437',25101,559,'2022-03-09','2021-10-21'),('816','57205 Vermont Terrace','45288 Bay Park','Akron','3','Ohio','15821',57082,488,'2022-04-04','2021-11-09'),('817','56310 Gateway Road','99 Kingsford Lane','Lexington','1','Kentucky','16788',17081,136,'2021-12-08','2021-10-16'),('818','3950 Towne Trail','05 Continental Junction','San Diego','1','California','11035',58583,104,'2022-06-26','2022-01-14'),('819','8022 Golf Course Trail','86265 David Street','Gary','2','Indiana','17025',22177,241,'2022-06-06','2021-10-20'),('82','723 Kensington Plaza','1 Comanche Street','Des Moines','3','Iowa','14321',42393,428,'2021-08-29','2021-10-26'),('820','641 Sunbrook Park','0412 Shopko Way','Reno','1','Nevada','12995',91813,90,'2022-07-03','2022-06-16'),('821','4 Gulseth Center','7614 Prairieview Plaza','Wichita','3','Kansas','15644',76129,529,'2022-04-17','2022-02-17'),('822','588 Cottonwood Avenue','3240 Twin Pines Pass','Reno','2','Nevada','11396',90634,226,'2022-07-30','2022-03-13'),('823','73 Luster Parkway','5565 Hanover Circle','Saint Paul','3','Minnesota','16213',56206,539,'2022-05-23','2022-01-05'),('824','698 Colorado Parkway','85 Steensland Circle','Shreveport','2','Louisiana','15865',83643,254,'2022-03-18','2021-08-21'),('825','6472 Shopko Place','2816 Macpherson Way','Milwaukee','1','Wisconsin','11636',35746,116,'2021-10-17','2022-03-19'),('826','76262 Anthes Point','80256 Tennyson Drive','Austin','2','Texas','17627',51220,229,'2022-06-17','2021-10-18'),('827','43633 Northport Center','50441 Montana Place','Louisville','2','Kentucky','18600',42120,339,'2021-09-28','2022-03-24'),('828','5990 1st Plaza','2 Lukken Avenue','Monticello','3','Minnesota','10153',13764,539,'2021-09-19','2022-02-22'),('829','23762 Nelson Trail','5 Butterfield Hill','Seattle','1','Washington','17226',86332,100,'2021-11-14','2022-06-12'),('83','18235 Welch Junction','92 Katie Junction','Milwaukee','3','Wisconsin','10705',38447,580,'2021-10-08','2021-12-30'),('830','40654 Talisman Street','3 Elgar Parkway','Philadelphia','1','Pennsylvania','17598',56770,90,'2022-03-04','2022-08-04'),('831','9014 Ramsey Lane','796 Autumn Leaf Lane','Madison','1','Wisconsin','10709',52466,116,'2021-12-27','2022-04-16'),('832','370 Butterfield Plaza','3 Corry Court','Atlanta','1','Georgia','12816',99602,89,'2022-03-07','2022-03-21'),('833','98 Karstens Lane','38712 Daystar Hill','Wichita','3','Kansas','18622',33967,529,'2021-11-30','2022-04-28'),('834','0 Southridge Road','013 Service Lane','Lexington','3','Kentucky','14828',49990,679,'2022-03-06','2022-06-27'),('835','4 Saint Paul Plaza','98 Reindahl Hill','Lincoln','2','Nebraska','13717',74650,229,'2022-04-03','2021-11-28'),('836','5222 Algoma Avenue','761 Trailsway Street','Naples','2','Florida','12518',51870,284,'2021-09-28','2022-07-03'),('837','43 Nevada Trail','51784 Ridgeview Parkway','Sarasota','1','Florida','12449',61027,113,'2022-02-21','2021-11-17'),('838','66 Golden Leaf Court','11 Sunnyside Crossing','Palatine','2','Illinois','11373',59414,262,'2022-07-17','2022-01-17'),('839','2697 Barby Crossing','4050 Fisk Hill','Mc Keesport','1','Pennsylvania','10500',55122,90,'2021-10-24','2021-10-18'),('84','83795 Gateway Point','1 Ilene Drive','Amarillo','3','Texas','12323',62712,458,'2021-08-25','2021-09-12'),('840','44 Annamark Crossing','55612 Loeprich Junction','New Orleans','1','Louisiana','17050',36389,101,'2022-01-25','2022-06-30'),('841','982 Dapin Park','71638 Hoffman Center','Grand Rapids','3','Michigan','13360',60149,521,'2021-11-17','2022-05-27'),('842','38680 Northridge Avenue','83617 Maywood Center','San Francisco','1','California','13158',88314,104,'2022-02-05','2022-03-30'),('843','9 Pennsylvania Pass','6471 Dovetail Street','Lansing','3','Michigan','19408',75070,521,'2022-05-09','2022-03-24'),('844','117 Bunting Park','3 Corscot Road','Orlando','3','Florida','11480',89110,568,'2021-08-20','2022-03-08'),('845','635 Dexter Avenue','499 Kinsman Court','San Antonio','1','Texas','16968',49044,91,'2022-03-17','2022-05-13'),('846','1 Summerview Parkway','6745 Johnson Parkway','Pueblo','1','Colorado','19579',70311,109,'2022-07-04','2021-10-22'),('847','17885 Lotheville Center','10208 Northwestern Terrace','Prescott','1','Arizona','18285',9974,109,'2022-03-11','2022-04-09'),('848','49251 Homewood Park','04 Montana Center','San Diego','2','California','17002',15139,259,'2022-06-07','2021-10-19'),('849','2 Lighthouse Bay Circle','6851 Mifflin Park','Honolulu','3','Hawaii','17172',34467,613,'2022-08-18','2022-02-01'),('85','16472 Rigney Place','15316 Everett Court','Richmond','3','Virginia','13649',25988,460,'2022-07-30','2021-11-01'),('850','826 Holy Cross Parkway','92129 Corscot Court','Melbourne','3','Florida','19489',30174,568,'2022-04-07','2022-05-11'),('851','16 Kings Center','5107 Russell Circle','Fort Wayne','1','Indiana','18764',89046,97,'2022-03-12','2022-06-02'),('852','72 Lillian Lane','01 Buena Vista Circle','Dallas','2','Texas','16881',71454,229,'2022-03-31','2021-10-17'),('853','69106 Thackeray Terrace','2 Crowley Circle','Sacramento','2','California','16464',65257,259,'2022-03-27','2022-04-15'),('854','2 Mayfield Alley','94 Merrick Drive','Naples','3','Florida','11552',87303,568,'2021-12-03','2022-06-29'),('855','0573 Warrior Place','41 Pepper Wood Crossing','Columbus','1','Mississippi','15552',73408,104,'2021-12-20','2022-06-20'),('856','9484 Manufacturers Trail','0824 Bluejay Pass','Stockton','1','California','19682',22980,104,'2022-01-31','2022-02-06'),('857','65 Maryland Crossing','54677 Mockingbird Junction','Los Angeles','1','California','16259',78279,104,'2022-03-25','2022-07-07'),('858','02 Reinke Road','0 Waywood Drive','Chicago','3','Illinois','19545',19674,525,'2022-06-27','2021-10-09'),('859','317 Oakridge Street','8 Graceland Way','Odessa','3','Texas','18660',911,477,'2022-03-18','2021-10-31'),('86','62550 Sommers Road','30 Briar Crest Junction','Amarillo','3','Texas','15123',385,477,'2022-04-04','2022-02-26'),('860','12641 Warbler Hill','615 Lindbergh Circle','Mobile','1','Alabama','17654',12191,102,'2022-07-01','2022-03-09'),('861','21 Hansons Street','0780 Swallow Drive','Colorado Springs','3','Colorado','12863',81192,546,'2022-08-05','2021-10-27'),('862','472 Rigney Circle','070 Di Loreto Street','Stockton','2','California','15182',94809,259,'2022-01-13','2021-12-23'),('863','43878 Thackeray Road','1754 Vahlen Plaza','Canton','1','Ohio','10939',97442,98,'2021-10-31','2022-03-17'),('864','41 Farwell Parkway','558 Upham Junction','El Paso','1','Texas','18906',66708,91,'2022-04-19','2022-06-06'),('865','31444 Montana Point','1 Logan Plaza','Little Rock','1','Arkansas','11860',1133,103,'2022-05-17','2022-04-20'),('866','58800 Killdeer Court','65952 American Place','Terre Haute','3','Indiana','10143',84893,483,'2022-02-18','2022-06-21'),('867','79046 Cherokee Terrace','49140 Cody Point','Montgomery','3','Alabama','18958',49621,512,'2022-01-28','2022-01-17'),('868','3 Stuart Plaza','9051 Mitchell Crossing','Savannah','3','Georgia','15069',66996,445,'2022-04-14','2022-04-15'),('869','28808 Larry Center','2873 Westerfield Place','El Paso','1','Texas','11154',63365,91,'2022-07-11','2022-08-18'),('87','277 Village Green Trail','7 Florence Road','Albuquerque','2','New Mexico','10767',27335,280,'2021-10-28','2021-08-25'),('870','3035 Thompson Street','18 International Road','Savannah','3','Georgia','14530',20983,445,'2022-08-11','2021-12-02'),('871','94668 Summit Court','73696 Mandrake Lane','Tucson','3','Arizona','11670',98922,533,'2021-10-29','2022-08-08'),('872','2368 Derek Avenue','66 Prentice Street','South Bend','1','Indiana','13862',44746,97,'2021-08-24','2022-06-13'),('873','24532 Clarendon Way','0 Sheridan Plaza','Las Vegas','3','Nevada','17713',34055,452,'2022-04-04','2022-02-08'),('874','37622 Declaration Alley','32 Saint Paul Street','Pasadena','1','California','14035',25558,104,'2022-05-30','2021-10-04'),('875','807 Ilene Plaza','757 Arrowood Trail','Littleton','2','Colorado','18536',90579,272,'2021-11-08','2021-11-25'),('876','2872 Glacier Hill Plaza','605 Dryden Parkway','Sacramento','2','California','19265',29568,259,'2022-06-08','2021-09-28'),('877','148 Sherman Court','83896 Scofield Junction','Bonita Springs','2','Florida','11225',17715,284,'2021-10-14','2022-08-12'),('878','9 Corben Pass','317 Dennis Avenue','Huntsville','2','Texas','10478',45802,229,'2022-04-10','2021-08-20'),('879','89 Portage Alley','68 Hagan Hill','Huntington','2','West Virginia','14289',14851,339,'2022-05-15','2022-05-10'),('88','898 Bluestem Court','42525 Jenna Place','Des Moines','1','Iowa','19532',85930,86,'2021-11-24','2021-12-24'),('880','57850 Rusk Place','933 Hansons Court','Greensboro','3','North Carolina','12545',20922,569,'2021-09-06','2021-12-13'),('881','006 Clemons Pass','6 Beilfuss Point','Birmingham','1','Alabama','15897',37063,102,'2022-07-14','2021-10-21'),('882','8 Florence Way','4138 Elka Parkway','Lexington','3','Kentucky','18849',6072,694,'2022-08-14','2022-04-20'),('883','92384 Mcguire Terrace','81 Hoard Circle','Sacramento','3','California','11170',4278,530,'2022-05-04','2021-10-05'),('884','99874 Goodland Avenue','2 Eagle Crest Park','Cleveland','1','Ohio','14645',58593,98,'2022-01-09','2022-01-02'),('885','3 Scott Junction','506 Meadow Ridge Lane','Wilmington','3','Delaware','17870',56258,582,'2022-08-02','2021-12-17'),('886','2 Shoshone Street','91258 Stone Corner Street','Fresno','1','California','18688',26592,104,'2021-12-26','2022-04-13'),('887','229 Lillian Center','50125 Old Shore Point','Wilkes Barre','1','Pennsylvania','13788',94537,90,'2022-04-23','2022-03-05'),('888','445 Columbus Alley','81670 Corben Point','Chicago','3','Illinois','18071',13803,525,'2022-06-07','2021-12-30'),('889','043 Lien Court','1293 Michigan Avenue','Daytona Beach','1','Florida','17435',60683,113,'2022-06-18','2022-04-29'),('89','43 Mcguire Alley','146 Green Ridge Parkway','Levittown','2','Pennsylvania','15458',98290,225,'2022-02-10','2021-12-17'),('890','161 American Road','960 Gale Terrace','Sarasota','3','Florida','19095',74515,568,'2022-08-18','2022-03-23'),('891','3 Caliangt Circle','73 Porter Parkway','Buffalo','2','New York','11670',80447,293,'2022-07-20','2021-10-28'),('892','4 David Drive','178 Jana Alley','Mount Vernon','2','New York','16890',20309,293,'2022-04-04','2021-08-29'),('893','47 Mitchell Junction','868 Jana Crossing','Boston','3','Massachusetts','10237',78678,559,'2022-03-06','2022-05-12'),('894','3 Susan Drive','8848 Orin Street','North Hollywood','3','California','13467',50798,519,'2022-02-03','2022-04-11'),('895','89 Novick Road','81 Farragut Crossing','Cincinnati','2','Ohio','16710',9941,249,'2022-05-13','2021-12-01'),('896','91 Gina Avenue','8097 Fuller Pass','Fort Worth','2','Texas','12649',97784,229,'2022-03-17','2022-04-12'),('897','24 Lake View Place','72288 Dawn Pass','Arlington','2','Texas','19107',70876,229,'2022-06-05','2022-04-11'),('898','919 Morning Lane','2013 Vernon Avenue','Raleigh','3','North Carolina','16064',3907,581,'2021-09-19','2022-04-13'),('899','5573 Kinsman Place','0 Oak Valley Pass','Detroit','1','Michigan','14464',63316,104,'2022-01-20','2021-11-29'),('9','5 Blaine Drive','36 Arizona Center','Norfolk','1','Virginia','18588',14552,92,'2022-04-30','2022-06-12'),('90','328 Ludington Hill','67807 Lakeland Park','Houston','1','Texas','17140',52272,91,'2022-04-20','2022-07-11'),('900','0550 Cordelia Avenue','9377 Darwin Trail','Springfield','3','Massachusetts','13928',47798,559,'2022-04-22','2021-11-20'),('901','0 Hayes Point','2 Troy Center','Pueblo','3','Colorado','11713',21229,546,'2022-02-24','2021-12-09'),('902','91 Swallow Plaza','34582 Scoville Point','Albuquerque','3','New Mexico','10434',77042,561,'2022-01-06','2021-10-08'),('903','80262 Sauthoff Court','8717 Mockingbird Trail','Springfield','2','Missouri','10429',87631,216,'2022-04-23','2021-11-20'),('904','604 Hudson Avenue','523 Ruskin Lane','San Rafael','2','California','13801',37882,259,'2021-10-20','2022-05-24'),('905','0751 Carey Alley','649 Mesta Parkway','Houston','3','Texas','16977',62927,458,'2022-08-07','2021-12-28'),('906','792 Shopko Hill','7876 Myrtle Lane','Spokane','2','Washington','15506',45212,251,'2022-03-05','2021-10-10'),('907','048 Veith Drive','33678 Darwin Parkway','San Mateo','3','California','15888',11433,519,'2021-11-18','2022-02-09'),('908','22 Oak Valley Parkway','22 Gina Alley','Albany','2','New York','18616',37024,293,'2022-03-19','2021-12-13'),('909','21 Acker Park','23 Lakewood Gardens Junction','Boston','3','Massachusetts','12795',57984,559,'2022-02-27','2022-01-12'),('91','70 Cody Terrace','15273 Maple Parkway','Kansas City','2','Missouri','15725',40388,216,'2021-09-22','2022-01-17'),('910','165 Gateway Avenue','671 Homewood Road','Arlington','1','Virginia','17555',63914,92,'2021-11-30','2021-09-20'),('911','8408 Crownhardt Crossing','83074 Daystar Lane','Largo','1','Florida','10758',60807,113,'2022-01-21','2021-09-16'),('912','6296 International Point','46124 Vernon Point','Erie','2','Pennsylvania','15517',33850,225,'2022-08-11','2021-10-19'),('913','90451 Stephen Trail','2 4th Drive','Fort Worth','2','Texas','18258',22295,229,'2021-10-16','2022-06-14'),('914','46229 Chive Alley','4 Tennessee Way','Philadelphia','3','Pennsylvania','13801',6326,460,'2022-04-19','2022-01-28'),('915','42 Stoughton Center','38320 Scoville Alley','Toledo','1','Ohio','13130',42827,98,'2022-01-28','2022-04-04'),('916','7 Harbort Junction','7612 Lakewood Center','New Orleans','3','Louisiana','11586',64830,509,'2022-01-29','2021-08-26'),('917','23503 Green Ridge Circle','79 Logan Trail','San Antonio','2','Texas','15075',78846,229,'2022-05-10','2022-05-06'),('918','13781 Delladonna Crossing','0732 East Court','Columbus','1','Ohio','10017',95318,98,'2022-03-26','2022-02-01'),('919','7 Melby Hill','38 Dakota Terrace','Miami','3','Florida','17533',6664,580,'2021-09-13','2022-08-06'),('92','35253 Banding Street','6 Eggendart Lane','Chicago','1','Illinois','14603',10724,105,'2022-06-10','2022-07-23'),('920','5 Esch Court','16 Sommers Avenue','Reading','2','Pennsylvania','14033',14001,225,'2022-04-13','2022-04-25'),('921','5 Goodland Lane','8 Monument Court','Jacksonville','3','Florida','16252',1542,580,'2022-06-15','2022-06-05'),('922','72 Westend Drive','79 Oak Way','Dallas','1','Texas','13000',70346,91,'2021-10-01','2022-05-25'),('923','0257 Elgar Junction','53985 Sunfield Lane','Providence','3','Rhode Island','14647',14800,741,'2021-12-27','2022-05-13'),('924','3 Lighthouse Bay Circle','8 Elmside Drive','Houston','3','Texas','13495',72137,458,'2022-08-06','2022-07-15'),('925','8813 Chive Place','09503 Old Gate Plaza','Nashville','1','Tennessee','11322',61609,115,'2021-12-06','2021-08-24'),('926','4 Kipling Circle','80866 Parkside Trail','Los Angeles','1','California','11639',7946,106,'2022-02-03','2022-04-17'),('927','76 Bluejay Lane','4 Jay Avenue','Sacramento','1','California','13986',25695,104,'2022-04-10','2021-11-07'),('928','209 Spenser Hill','8318 Moose Park','Houston','3','Texas','14043',46342,458,'2022-02-14','2021-11-14'),('929','76894 Forster Road','18 Dennis Center','Honolulu','1','Hawaii','17051',46408,123,'2022-07-18','2022-05-31'),('93','5796 Debs Trail','339 Park Meadow Park','Birmingham','2','Alabama','17274',29975,256,'2021-11-06','2021-10-18'),('930','75 Chinook Point','914 Dorton Avenue','New York City','2','New York','12563',78972,293,'2022-07-25','2022-06-29'),('931','997 Farmco Plaza','04 Fair Oaks Hill','Fort Worth','1','Texas','10180',26691,91,'2022-05-28','2022-07-16'),('932','376 Vahlen Street','8 Briar Crest Road','Spartanburg','1','South Carolina','18247',6549,119,'2021-09-14','2022-01-30'),('933','7 Moland Park','511 7th Place','New Hyde Park','2','New York','12921',13267,293,'2021-11-17','2021-12-29'),('934','50199 Graedel Court','312 Milwaukee Lane','Charleston','3','South Carolina','13741',17843,583,'2022-03-30','2022-03-31'),('935','938 Glacier Hill Court','68 Troy Point','Kansas City','2','Missouri','10864',73703,216,'2021-10-16','2022-03-01'),('936','05 Victoria Trail','164 International Way','Farmington','3','Michigan','18501',42969,521,'2022-07-23','2021-08-21'),('937','0 Goodland Road','7 Evergreen Lane','Columbia','2','South Carolina','18268',83428,291,'2022-07-31','2021-10-18'),('938','575 Merchant Road','48 7th Crossing','El Paso','2','Texas','12302',4982,234,'2022-03-27','2022-01-21'),('939','775 Sycamore Lane','5428 Cherokee Trail','Wichita','1','Kansas','12263',67139,106,'2022-01-02','2022-03-01'),('94','7 Buhler Junction','54 Sycamore Park','Metairie','3','Louisiana','15844',2647,520,'2022-06-18','2022-02-07'),('940','70 Banding Way','15 Grayhawk Junction','Louisville','3','Kentucky','19139',75303,679,'2022-05-16','2022-05-09'),('941','8087 Maryland Court','97630 Garrison Way','Morgantown','1','West Virginia','16154',9245,139,'2022-02-23','2022-04-23'),('942','7 Sauthoff Lane','70 Caliangt Crossing','Pittsburgh','2','Pennsylvania','13365',93286,225,'2022-02-25','2021-12-16'),('943','5 Granby Street','326 Lotheville Circle','Saint Paul','2','Minnesota','14080',23790,270,'2021-10-26','2021-09-10'),('944','07260 Transport Crossing','45 Harper Hill','Silver Spring','2','Maryland','15546',76513,184,'2022-01-30','2022-02-16'),('945','3996 Bayside Hill','04 8th Road','Orlando','2','Florida','17802',88127,284,'2022-05-28','2022-04-29'),('946','6 Fair Oaks Drive','0555 Sugar Court','Baton Rouge','3','Louisiana','13172',93415,509,'2022-02-17','2021-08-25'),('947','7 Pine View Road','8008 Kensington Way','Everett','2','Washington','14834',79348,251,'2021-11-13','2022-08-09'),('948','823 Tennessee Park','419 Pleasure Hill','Tulsa','1','Oklahoma','18537',36957,99,'2022-03-13','2022-07-12'),('949','82 Bayside Point','95 Darwin Terrace','Migrate','1','Kentucky','17800',16260,136,'2021-11-21','2021-08-27'),('95','05743 Sundown Parkway','82 Bartelt Court','San Francisco','1','California','17375',12756,104,'2022-04-03','2022-01-15'),('950','07874 Hermina Alley','85654 Jenna Drive','Elmira','1','New York','18948',8634,120,'2022-05-19','2021-11-08'),('951','1 Hooker Court','53 Clarendon Crossing','Houston','1','Texas','14333',70405,91,'2022-07-30','2022-06-04'),('952','798 Carioca Drive','1 Doe Crossing Center','Fargo','2','North Dakota','17878',72454,299,'2021-12-09','2022-03-20'),('953','8 Summer Ridge Alley','64167 Spohn Point','Washington','1','District of Columbia','10611',39789,98,'2022-05-07','2021-10-11'),('954','92 Alpine Point','6032 Messerschmidt Street','Honolulu','1','Hawaii','13020',19126,123,'2022-06-20','2021-12-01'),('955','9682 Paget Center','5 Columbus Lane','Grand Rapids','1','Michigan','10454',61241,104,'2022-01-04','2022-06-23'),('956','61 Milwaukee Plaza','416 Green Ridge Avenue','Washington','1','District of Columbia','11221',30112,98,'2022-06-24','2021-09-14'),('957','7 Ilene Center','785 Russell Center','Saint Paul','2','Minnesota','18872',55315,270,'2021-10-22','2021-10-23'),('958','99 Oneill Pass','642 Vahlen Pass','Miami','1','Florida','16201',6341,116,'2021-09-01','2022-07-04'),('959','472 Farragut Hill','8 Kenwood Road','Boston','3','Massachusetts','18677',18104,559,'2021-09-20','2021-09-08'),('96','66748 Monica Street','3240 Cambridge Plaza','Terre Haute','3','Indiana','19586',27753,483,'2021-12-02','2022-08-16'),('960','3 Eastlawn Drive','365 Victoria Center','Hollywood','2','Florida','17761',21593,284,'2021-09-02','2022-03-15'),('961','883 Carpenter Point','995 Clarendon Lane','San Diego','2','California','18388',99124,259,'2022-07-22','2022-02-21'),('962','2 Jackson Court','49946 Pawling Street','Boston','2','Massachusetts','11159',18519,280,'2021-08-29','2022-05-23'),('963','67 Rieder Avenue','11 Vermont Drive','Washington','1','District of Columbia','19375',1983,100,'2022-03-10','2022-08-10'),('964','0094 Texas Lane','7 Hovde Junction','Fort Worth','2','Texas','18715',22311,229,'2022-06-17','2022-05-06'),('965','4 Drewry Way','02333 5th Center','Young America','3','Minnesota','11740',16167,539,'2022-04-16','2022-06-18'),('966','83 Manufacturers Lane','56 Golf View Terrace','Virginia Beach','3','Virginia','17168',98791,460,'2021-11-15','2022-02-13'),('967','3981 Holy Cross Lane','10817 Dixon Alley','Scranton','1','Pennsylvania','17265',12107,90,'2021-10-31','2022-01-01'),('968','038 Grayhawk Lane','811 Pleasure Center','Albany','3','New York','19559',76989,586,'2022-02-03','2021-12-16'),('969','0022 Holy Cross Point','81772 Spenser Circle','Albuquerque','3','New Mexico','12453',55400,561,'2022-08-15','2022-07-25'),('97','2 Roth Center','2877 Mockingbird Trail','Annapolis','1','Maryland','19524',87032,73,'2021-10-26','2022-02-27'),('970','826 Bluejay Park','07 Carpenter Court','Las Vegas','1','Nevada','11246',95582,90,'2022-04-17','2022-05-20'),('971','24316 Melrose Place','201 Division Street','Augusta','3','Georgia','12938',21532,445,'2022-05-14','2022-03-30'),('972','688 Schlimgen Park','65112 Mccormick Drive','Phoenix','2','Arizona','12253',34551,267,'2022-01-24','2021-09-05'),('973','73546 Lakeland Circle','366 Longview Parkway','Winston Salem','2','North Carolina','19494',92549,285,'2021-09-25','2022-02-23'),('974','21317 Basil Plaza','0875 Morning Trail','Tulsa','3','Oklahoma','12759',35147,492,'2022-06-02','2021-11-15'),('975','64 Dryden Circle','58593 Scofield Park','Los Angeles','2','California','19450',45057,259,'2022-05-10','2022-02-14'),('976','5639 Susan Pass','5 Cherokee Junction','Sacramento','3','California','16350',2682,530,'2022-06-18','2022-01-30'),('977','916 Dottie Parkway','741 Thierer Court','Jackson','1','Tennessee','14833',11302,115,'2022-04-15','2022-03-04'),('978','27 Mesta Circle','21 Fordem Road','Salt Lake City','3','Utah','12765',59855,550,'2022-04-30','2022-06-28'),('979','0 Mcbride Street','00 Oak Parkway','Jeffersonville','2','Indiana','17770',57332,241,'2022-04-15','2022-06-30'),('98','0 Union Pass','39 Jay Trail','Newport News','1','Virginia','15018',87516,92,'2022-05-23','2021-09-30'),('980','818 Lyons Plaza','00191 Lotheville Terrace','Salt Lake City','1','Utah','19201',41646,110,'2022-06-06','2021-11-01'),('981','0 Cambridge Point','126 Corry Crossing','Alpharetta','3','Georgia','13071',4576,455,'2022-01-08','2021-09-25'),('982','42548 Merry Drive','0133 Southridge Trail','Saint Petersburg','1','Florida','15893',41610,113,'2021-12-20','2022-04-24'),('983','2486 Manley Pass','2 Lawn Avenue','Dallas','3','Texas','11609',16444,458,'2022-04-06','2022-04-26'),('984','92028 Bellgrove Plaza','63492 Duke Court','Grand Rapids','1','Michigan','18852',66837,104,'2022-06-05','2022-06-17'),('985','0371 Maryland Pass','8 Graedel Crossing','Charleston','2','West Virginia','18180',73187,339,'2021-11-14','2021-12-26'),('986','2 Amoth Way','21 Mcbride Place','Topeka','3','Kansas','16572',43678,529,'2021-11-17','2022-06-11'),('987','415 Oak Valley Point','93155 Namekagon Way','New Orleans','2','Louisiana','13394',65049,254,'2022-02-19','2022-03-19'),('988','36499 Dixon Avenue','97827 Sage Trail','Reno','2','Nevada','11714',22896,226,'2021-12-04','2022-01-31'),('989','49300 Steensland Parkway','19352 Autumn Leaf Hill','Saint Paul','2','Minnesota','16711',53854,270,'2022-01-13','2021-11-19'),('99','25 Fisk Way','1 Debs Alley','Washington','2','District of Columbia','17534',68157,243,'2022-05-04','2021-11-06'),('990','47 Burrows Place','7152 Truax Plaza','Sacramento','3','California','19748',65704,519,'2022-04-09','2021-11-16'),('991','40 Karstens Park','72 Longview Crossing','Oklahoma City','2','Oklahoma','12053',81581,246,'2022-08-06','2022-05-10'),('992','4924 Forest Park','6 Claremont Plaza','Charlotte','2','North Carolina','19337',58787,285,'2022-06-27','2022-03-02'),('993','94 Calypso Crossing','6 Russell Court','Mountain View','3','California','11399',36387,519,'2022-03-12','2022-03-19'),('994','1431 Esker Road','8688 Weeping Birch Lane','New Hyde Park','1','New York','10325',59952,117,'2022-03-08','2022-05-13'),('995','8 2nd Hill','2 Sachs Place','Norfolk','1','Virginia','17454',26096,92,'2022-04-05','2021-09-10'),('996','111 Bonner Circle','3 Carberry Place','Miami','3','Florida','16649',42766,568,'2022-08-18','2022-01-09'),('997','423 Warner Center','4427 Claremont Court','Boise','3','Idaho','11672',2326,481,'2022-05-25','2021-12-29'),('998','0 Warrior Court','933 School Circle','Fort Worth','1','Texas','10856',97976,91,'2021-09-22','2022-05-06'),('999','972 Maryland Terrace','554 Susan Lane','Wilkes Barre','3','Pennsylvania','16688',57298,450,'2021-09-07','2022-01-29');
/*!40000 ALTER TABLE `IndividualOrGroupAccount` ENABLE KEYS */;
UNLOCK TABLES;

--
-- Table structure for table `Payment`
--

DROP TABLE IF EXISTS `Payment`;
/*!40101 SET @saved_cs_client     = @@character_set_client */;
/*!50503 SET character_set_client = utf8mb4 */;
CREATE TABLE `Payment` (
  `PaymentId` varchar(255) NOT NULL,
  `ClaimNumber` varchar(255) DEFAULT NULL,
  `BankAccountNumber` varchar(255) DEFAULT NULL,
  `DueDate` date DEFAULT NULL,
  `PaidDate` date DEFAULT NULL,
  PRIMARY KEY (`PaymentId`),
  KEY `ClaimNumber` (`ClaimNumber`),
  CONSTRAINT `payment_ibfk_1` FOREIGN KEY (`ClaimNumber`) REFERENCES `Claim` (`ClaimNumber`),
  CONSTRAINT `payment_ibfk_2` FOREIGN KEY (`ClaimNumber`) REFERENCES `Claim` (`ClaimNumber`),
  CONSTRAINT `payment_ibfk_3` FOREIGN KEY (`ClaimNumber`) REFERENCES `Claim` (`ClaimNumber`)
) ENGINE=InnoDB DEFAULT CHARSET=utf8mb4 COLLATE=utf8mb4_0900_ai_ci;
/*!40101 SET character_set_client = @saved_cs_client */;

--
-- Dumping data for table `Payment`
--

LOCK TABLES `Payment` WRITE;
/*!40000 ALTER TABLE `Payment` DISABLE KEYS */;
/*!40000 ALTER TABLE `Payment` ENABLE KEYS */;
UNLOCK TABLES;

--
-- Table structure for table `ProductPlan`
--

DROP TABLE IF EXISTS `ProductPlan`;
/*!40101 SET @saved_cs_client     = @@character_set_client */;
/*!50503 SET character_set_client = utf8mb4 */;
CREATE TABLE `ProductPlan` (
  `ProductPlanId` varchar(255) NOT NULL,
  `StateName` varchar(255) NOT NULL,
  `NonDiscountPremiumPerPerson` int DEFAULT NULL,
  `PayOutPerCovidCase` int DEFAULT NULL,
  PRIMARY KEY (`ProductPlanId`,`StateName`),
  KEY `StateName` (`StateName`),
  CONSTRAINT `productplan_ibfk_1` FOREIGN KEY (`StateName`) REFERENCES `StateCovidInfo` (`StateName`),
  CONSTRAINT `productplan_ibfk_2` FOREIGN KEY (`StateName`) REFERENCES `StateCovidInfo` (`StateName`),
  CONSTRAINT `productplan_ibfk_3` FOREIGN KEY (`StateName`) REFERENCES `StateCovidInfo` (`StateName`)
) ENGINE=InnoDB DEFAULT CHARSET=utf8mb4 COLLATE=utf8mb4_0900_ai_ci;
/*!40101 SET character_set_client = @saved_cs_client */;

--
-- Dumping data for table `ProductPlan`
--

LOCK TABLES `ProductPlan` WRITE;
/*!40000 ALTER TABLE `ProductPlan` DISABLE KEYS */;
INSERT INTO `ProductPlan` VALUES ('1','Alabama',110,200),('1','Alaska',188,200),('1','American Samoa',95,200),('1','Arizona',115,200),('1','Arkansas',108,200),('1','California',112,200),('1','Colorado',117,200),('1','Connecticut',93,200),('1','Delaware',125,200),('1','District of Columbia',105,200),('1','Florida',122,200),('1','Georgia',96,200),('1','Guam',193,200),('1','Hawaii',132,200),('1','Idaho',101,200),('1','Illinois',113,200),('1','Indiana',104,200),('1','Iowa',92,200),('1','Kansas',114,200),('1','Kentucky',146,200),('1','Louisiana',109,200),('1','Maine',102,200),('1','Maryland',79,200),('1','Massachusetts',120,200),('1','Michigan',112,200),('1','Minnesota',116,200),('1','Mississippi',112,200),('1','Missouri',93,200),('1','Montana',111,200),('1','Nebraska',98,200),('1','Nevada',97,200),('1','New Hampshire',116,200),('1','New Jersey',118,200),('1','New Mexico',121,200),('1','New York',126,200),('1','North Carolina',122,200),('1','North Dakota',128,200),('1','Northern Mariana Islands',153,200),('1','Ohio',105,200),('1','Oklahoma',106,200),('1','Oregon',97,200),('1','Pennsylvania',97,200),('1','Puerto Rico',153,200),('1','Rhode Island',159,200),('1','South Carolina',125,200),('1','South Dakota',95,200),('1','Tennessee',124,200),('1','Texas',98,200),('1','Utah',118,200),('1','Vermont',119,200),('1','Virgin Islands',104,200),('1','Virginia',99,200),('1','Washington',108,200),('1','West Virginia',146,200),('1','Wisconsin',125,200),('1','Wyoming',118,200),('2','Alabama',275,500),('2','Alaska',471,500),('2','American Samoa',238,500),('2','Arizona',287,500),('2','Arkansas',271,500),('2','California',279,500),('2','Colorado',293,500),('2','Connecticut',232,500),('2','Delaware',313,500),('2','District of Columbia',261,500),('2','Florida',305,500),('2','Georgia',240,500),('2','Guam',482,500),('2','Hawaii',329,500),('2','Idaho',253,500),('2','Illinois',282,500),('2','Indiana',259,500),('2','Iowa',230,500),('2','Kansas',285,500),('2','Kentucky',365,500),('2','Louisiana',273,500),('2','Maine',254,500),('2','Maryland',198,500),('2','Massachusetts',301,500),('2','Michigan',280,500),('2','Minnesota',290,500),('2','Mississippi',279,500),('2','Missouri',232,500),('2','Montana',277,500),('2','Nebraska',246,500),('2','Nevada',243,500),('2','New Hampshire',289,500),('2','New Jersey',294,500),('2','New Mexico',301,500),('2','New York',315,500),('2','North Carolina',306,500),('2','North Dakota',321,500),('2','Northern Mariana Islands',382,500),('2','Ohio',262,500),('2','Oklahoma',265,500),('2','Oregon',243,500),('2','Pennsylvania',242,500),('2','Puerto Rico',382,500),('2','Rhode Island',399,500),('2','South Carolina',313,500),('2','South Dakota',237,500),('2','Tennessee',310,500),('2','Texas',246,500),('2','Utah',296,500),('2','Vermont',298,500),('2','Virgin Islands',260,500),('2','Virginia',247,500),('2','Washington',270,500),('2','West Virginia',365,500),('2','Wisconsin',312,500),('2','Wyoming',295,500),('3','Alabama',551,1000),('3','Alaska',942,1000),('3','American Samoa',477,1000),('3','Arizona',573,1000),('3','Arkansas',542,1000),('3','California',558,1000),('3','Colorado',587,1000),('3','Connecticut',465,1000),('3','Delaware',626,1000),('3','District of Columbia',523,1000),('3','Florida',611,1000),('3','Georgia',479,1000),('3','Guam',964,1000),('3','Hawaii',659,1000),('3','Idaho',506,1000),('3','Illinois',564,1000),('3','Indiana',519,1000),('3','Iowa',460,1000),('3','Kansas',569,1000),('3','Kentucky',730,1000),('3','Louisiana',547,1000),('3','Maine',508,1000),('3','Maryland',396,1000),('3','Massachusetts',601,1000),('3','Michigan',560,1000),('3','Minnesota',580,1000),('3','Mississippi',558,1000),('3','Missouri',463,1000),('3','Montana',553,1000),('3','Nebraska',492,1000),('3','Nevada',486,1000),('3','New Hampshire',578,1000),('3','New Jersey',588,1000),('3','New Mexico',603,1000),('3','New York',630,1000),('3','North Carolina',612,1000),('3','North Dakota',641,1000),('3','Northern Mariana Islands',764,1000),('3','Ohio',525,1000),('3','Oklahoma',529,1000),('3','Oregon',487,1000),('3','Pennsylvania',484,1000),('3','Puerto Rico',764,1000),('3','Rhode Island',797,1000),('3','South Carolina',627,1000),('3','South Dakota',474,1000),('3','Tennessee',619,1000),('3','Texas',492,1000),('3','Utah',591,1000),('3','Vermont',596,1000),('3','Virgin Islands',520,1000),('3','Virginia',495,1000),('3','Washington',540,1000),('3','West Virginia',730,1000),('3','Wisconsin',624,1000),('3','Wyoming',591,1000);
/*!40000 ALTER TABLE `ProductPlan` ENABLE KEYS */;
UNLOCK TABLES;

--
-- Table structure for table `StateCovidInfo`
--

DROP TABLE IF EXISTS `StateCovidInfo`;
/*!40101 SET @saved_cs_client     = @@character_set_client */;
/*!50503 SET character_set_client = utf8mb4 */;
CREATE TABLE `StateCovidInfo` (
  `StateName` varchar(255) NOT NULL,
  `CovidProbabilityPerPerson` float DEFAULT NULL,
  PRIMARY KEY (`StateName`)
) ENGINE=InnoDB DEFAULT CHARSET=utf8mb4 COLLATE=utf8mb4_0900_ai_ci;
/*!40101 SET character_set_client = @saved_cs_client */;

--
-- Dumping data for table `StateCovidInfo`
--

LOCK TABLES `StateCovidInfo` WRITE;
/*!40000 ALTER TABLE `StateCovidInfo` DISABLE KEYS */;
INSERT INTO `StateCovidInfo` VALUES ('Alabama',0.500541),('Alaska',0.856594),('American Samoa',0.433601),('Arizona',0.521088),('Arkansas',0.492357),('California',0.507173),('Colorado',0.53331),('Connecticut',0.422485),('Delaware',0.568678),('District of Columbia',0.475202),('Florida',0.555159),('Georgia',0.43559),('Guam',0.876569),('Hawaii',0.598935),('Idaho',0.459898),('Illinois',0.51298),('Indiana',0.471448),('Iowa',0.418581),('Kansas',0.51755),('Kentucky',0.663455),('Louisiana',0.497139),('Maine',0.46163),('Maryland',0.360361),('Massachusetts',0.546606),('Michigan',0.509458),('Minnesota',0.526993),('Mississippi',0.506991),('Missouri',0.420953),('Montana',0.503075),('Nebraska',0.447661),('Nevada',0.441732),('New Hampshire',0.525683),('New Jersey',0.534713),('New Mexico',0.547759),('New York',0.572527),('North Carolina',0.55598),('North Dakota',0.583145),('Northern Mariana Islands',0.694454),('Ohio',0.476854),('Oklahoma',0.48101),('Oregon',0.442356),('Pennsylvania',0.440234),('Puerto Rico',0.694691),('Rhode Island',0.724716),('South Carolina',0.569604),('South Dakota',0.430579),('Tennessee',0.562821),('Texas',0.447179),('Utah',0.537509),('Vermont',0.54199),('Virgin Islands',0.472284),('Virginia',0.449819),('Washington',0.491089),('West Virginia',0.663486),('Wisconsin',0.567598),('Wyoming',0.537234);
/*!40000 ALTER TABLE `StateCovidInfo` ENABLE KEYS */;
UNLOCK TABLES;
/*!40103 SET TIME_ZONE=@OLD_TIME_ZONE */;

/*!40101 SET SQL_MODE=@OLD_SQL_MODE */;
/*!40014 SET FOREIGN_KEY_CHECKS=@OLD_FOREIGN_KEY_CHECKS */;
/*!40014 SET UNIQUE_CHECKS=@OLD_UNIQUE_CHECKS */;
/*!40101 SET CHARACTER_SET_CLIENT=@OLD_CHARACTER_SET_CLIENT */;
/*!40101 SET CHARACTER_SET_RESULTS=@OLD_CHARACTER_SET_RESULTS */;
/*!40101 SET COLLATION_CONNECTION=@OLD_COLLATION_CONNECTION */;
/*!40111 SET SQL_NOTES=@OLD_SQL_NOTES */;

-- Dump completed on 2022-08-20 14:04:33
